ds,y,type
2015-01-01 08:00:00,23.81,actual
2015-01-01 09:00:00,199.02,actual
2015-01-01 10:00:00,459.92,actual
2015-01-01 11:00:00,567.95,actual
2015-01-01 12:00:00,743.79,actual
2015-01-01 13:00:00,880.85,actual
2015-01-01 14:00:00,616.39,actual
2015-01-01 15:00:00,177.9,actual
2015-01-01 16:00:00,2.51,actual
2015-01-02 08:00:00,50.6,actual
2015-01-02 09:00:00,466.45,actual
2015-01-02 10:00:00,1042.69,actual
2015-01-02 11:00:00,1435.25,actual
2015-01-02 12:00:00,1547.2,actual
2015-01-02 13:00:00,1355.37,actual
2015-01-02 14:00:00,920.37,actual
2015-01-02 15:00:00,321.38,actual
2015-01-02 16:00:00,5.92,actual
2015-01-03 08:00:00,15.5,actual
2015-01-03 09:00:00,169.32,actual
2015-01-03 10:00:00,280.59,actual
2015-01-03 11:00:00,789.14,actual
2015-01-03 12:00:00,939.16,actual
2015-01-03 13:00:00,731.58,actual
2015-01-03 14:00:00,367.14,actual
2015-01-03 15:00:00,106.53,actual
2015-01-03 16:00:00,1.75,actual
2015-01-04 08:00:00,35.84,actual
2015-01-04 09:00:00,216.1,actual
2015-01-04 10:00:00,443.0,actual
2015-01-04 11:00:00,581.65,actual
2015-01-04 12:00:00,602.19,actual
2015-01-04 13:00:00,526.78,actual
2015-01-04 14:00:00,353.61,actual
2015-01-04 15:00:00,117.72,actual
2015-01-04 16:00:00,2.05,actual
2015-01-05 08:00:00,34.07,actual
2015-01-05 09:00:00,212.76,actual
2015-01-05 10:00:00,408.33,actual
2015-01-05 11:00:00,522.86,actual
2015-01-05 12:00:00,494.54,actual
2015-01-05 13:00:00,454.95,actual
2015-01-05 14:00:00,269.42,actual
2015-01-05 15:00:00,87.28,actual
2015-01-05 16:00:00,1.87,actual
2015-01-06 08:00:00,29.18,actual
2015-01-06 09:00:00,272.0,actual
2015-01-06 10:00:00,936.25,actual
2015-01-06 11:00:00,1446.43,actual
2015-01-06 12:00:00,1574.69,actual
2015-01-06 13:00:00,1374.94,actual
2015-01-06 14:00:00,932.68,actual
2015-01-06 15:00:00,343.61,actual
2015-01-06 16:00:00,8.39,actual
2015-01-07 08:00:00,43.66,actual
2015-01-07 09:00:00,181.9,actual
2015-01-07 10:00:00,267.31,actual
2015-01-07 11:00:00,324.86,actual
2015-01-07 12:00:00,296.45,actual
2015-01-07 13:00:00,260.38,actual
2015-01-07 14:00:00,278.83,actual
2015-01-07 15:00:00,128.69,actual
2015-01-07 16:00:00,2.16,actual
2015-01-08 08:00:00,41.04,actual
2015-01-08 09:00:00,241.94,actual
2015-01-08 10:00:00,742.63,actual
2015-01-08 11:00:00,1140.76,actual
2015-01-08 12:00:00,1435.31,actual
2015-01-08 13:00:00,1359.5,actual
2015-01-08 14:00:00,947.05,actual
2015-01-08 15:00:00,366.64,actual
2015-01-08 16:00:00,5.55,actual
2015-01-09 08:00:00,77.89,actual
2015-01-09 09:00:00,473.17,actual
2015-01-09 10:00:00,940.13,actual
2015-01-09 11:00:00,1255.9,actual
2015-01-09 12:00:00,1183.44,actual
2015-01-09 13:00:00,549.07,actual
2015-01-09 14:00:00,554.33,actual
2015-01-09 15:00:00,261.79,actual
2015-01-09 16:00:00,7.93,actual
2015-01-10 08:00:00,29.9,actual
2015-01-10 09:00:00,328.11,actual
2015-01-10 10:00:00,692.03,actual
2015-01-10 11:00:00,1017.25,actual
2015-01-10 12:00:00,1244.0,actual
2015-01-10 13:00:00,1229.75,actual
2015-01-10 14:00:00,872.0,actual
2015-01-10 15:00:00,323.28,actual
2015-01-10 16:00:00,12.54,actual
2015-01-11 08:00:00,125.56,actual
2015-01-11 09:00:00,497.4,actual
2015-01-11 10:00:00,683.44,actual
2015-01-11 11:00:00,1198.47,actual
2015-01-11 12:00:00,1270.62,actual
2015-01-11 13:00:00,883.79,actual
2015-01-11 14:00:00,560.95,actual
2015-01-11 15:00:00,205.67,actual
2015-01-11 16:00:00,5.29,actual
2015-01-12 08:00:00,15.85,actual
2015-01-12 09:00:00,88.82,actual
2015-01-12 10:00:00,225.44,actual
2015-01-12 11:00:00,327.04,actual
2015-01-12 12:00:00,276.54,actual
2015-01-12 13:00:00,228.48,actual
2015-01-12 14:00:00,112.58,actual
2015-01-12 15:00:00,36.39,actual
2015-01-12 16:00:00,0.99,actual
2015-02-01 07:00:00,9.91,actual
2015-02-01 08:00:00,401.45,actual
2015-02-01 09:00:00,1085.18,actual
2015-02-01 10:00:00,1653.37,actual
2015-02-01 11:00:00,1993.64,actual
2015-02-01 12:00:00,1989.74,actual
2015-02-01 13:00:00,1725.87,actual
2015-02-01 14:00:00,1258.12,actual
2015-02-01 15:00:00,683.37,actual
2015-02-01 16:00:00,129.05,actual
2015-02-02 07:00:00,7.4,actual
2015-02-02 08:00:00,204.14,actual
2015-02-02 09:00:00,489.54,actual
2015-02-02 10:00:00,687.12,actual
2015-02-02 11:00:00,796.53,actual
2015-02-02 12:00:00,713.31,actual
2015-02-02 13:00:00,579.27,actual
2015-02-02 14:00:00,390.82,actual
2015-02-02 15:00:00,185.03,actual
2015-02-02 16:00:00,34.32,actual
2015-02-03 07:00:00,7.99,actual
2015-02-03 08:00:00,204.94,actual
2015-02-03 09:00:00,636.08,actual
2015-02-03 10:00:00,1227.95,actual
2015-02-03 11:00:00,1635.83,actual
2015-02-03 12:00:00,1675.5,actual
2015-02-03 13:00:00,1523.24,actual
2015-02-03 14:00:00,1164.12,actual
2015-02-03 15:00:00,660.47,actual
2015-02-03 16:00:00,138.63,actual
2015-02-04 07:00:00,20.58,actual
2015-02-04 08:00:00,452.04,actual
2015-02-04 09:00:00,1095.94,actual
2015-02-04 10:00:00,1598.37,actual
2015-02-04 11:00:00,1874.64,actual
2015-02-04 12:00:00,1950.62,actual
2015-02-04 13:00:00,1769.75,actual
2015-02-04 14:00:00,1410.01,actual
2015-02-04 15:00:00,839.84,actual
2015-02-04 16:00:00,195.8,actual
2015-02-05 07:00:00,24.61,actual
2015-02-05 08:00:00,416.23,actual
2015-02-05 09:00:00,1007.25,actual
2015-02-05 10:00:00,1564.37,actual
2015-02-05 11:00:00,1860.25,actual
2015-02-05 12:00:00,1901.62,actual
2015-02-05 13:00:00,1694.19,actual
2015-02-05 14:00:00,1182.68,actual
2015-02-05 15:00:00,579.66,actual
2015-02-05 16:00:00,129.86,actual
2015-02-06 07:00:00,32.7,actual
2015-02-06 08:00:00,526.96,actual
2015-02-06 09:00:00,1253.75,actual
2015-02-06 10:00:00,1805.61,actual
2015-02-06 11:00:00,2144.63,actual
2015-02-06 12:00:00,2248.75,actual
2015-02-06 13:00:00,2068.12,actual
2015-02-06 14:00:00,1644.55,actual
2015-02-06 15:00:00,953.94,actual
2015-02-06 16:00:00,237.63,actual
2015-02-07 07:00:00,37.3,actual
2015-02-07 08:00:00,533.87,actual
2015-02-07 09:00:00,1205.07,actual
2015-02-07 10:00:00,1880.61,actual
2015-02-07 11:00:00,2236.11,actual
2015-02-07 12:00:00,2338.87,actual
2015-02-07 13:00:00,2105.38,actual
2015-02-07 14:00:00,1610.88,actual
2015-02-07 15:00:00,927.89,actual
2015-02-07 16:00:00,224.71,actual
2015-02-07 17:00:00,0.01,actual
2015-02-08 07:00:00,40.17,actual
2015-02-08 08:00:00,519.03,actual
2015-02-08 09:00:00,1251.2,actual
2015-02-08 10:00:00,1987.75,actual
2015-02-08 11:00:00,2404.61,actual
2015-02-08 12:00:00,2491.0,actual
2015-02-08 13:00:00,2265.63,actual
2015-02-08 14:00:00,1758.12,actual
2015-02-08 15:00:00,1048.75,actual
2015-02-08 16:00:00,286.97,actual
2015-02-08 17:00:00,0.06,actual
2015-02-09 07:00:00,28.77,actual
2015-02-09 08:00:00,323.14,actual
2015-02-09 09:00:00,755.15,actual
2015-02-09 10:00:00,1205.14,actual
2015-02-09 11:00:00,1616.87,actual
2015-02-09 12:00:00,1862.43,actual
2015-02-09 13:00:00,1874.82,actual
2015-02-09 14:00:00,1584.31,actual
2015-02-09 15:00:00,1013.68,actual
2015-02-09 16:00:00,297.75,actual
2015-02-09 17:00:00,0.22,actual
2015-02-10 07:00:00,30.87,actual
2015-02-10 08:00:00,285.33,actual
2015-02-10 09:00:00,608.65,actual
2015-02-10 10:00:00,948.31,actual
2015-02-10 11:00:00,1224.38,actual
2015-02-10 12:00:00,1372.62,actual
2015-02-10 13:00:00,1554.99,actual
2015-02-10 14:00:00,1298.01,actual
2015-02-10 15:00:00,792.69,actual
2015-02-10 16:00:00,197.76,actual
2015-02-10 17:00:00,0.31,actual
2015-02-11 07:00:00,43.16,actual
2015-02-11 08:00:00,422.06,actual
2015-02-11 09:00:00,920.07,actual
2015-02-11 10:00:00,1321.18,actual
2015-02-11 11:00:00,1568.05,actual
2015-02-11 12:00:00,1712.5,actual
2015-02-11 13:00:00,1622.76,actual
2015-02-11 14:00:00,1277.17,actual
2015-02-11 15:00:00,716.31,actual
2015-02-11 16:00:00,204.67,actual
2015-02-11 17:00:00,0.71,actual
2015-02-12 07:00:00,44.0,actual
2015-02-12 08:00:00,391.42,actual
2015-02-12 09:00:00,893.13,actual
2015-02-12 10:00:00,1296.12,actual
2015-02-12 11:00:00,1505.81,actual
2015-02-12 12:00:00,1425.81,actual
2015-02-12 13:00:00,1390.49,actual
2015-02-12 14:00:00,1078.63,actual
2015-02-12 15:00:00,594.6,actual
2015-02-12 16:00:00,173.77,actual
2015-02-12 17:00:00,0.83,actual
2015-03-01 06:00:00,1.48,actual
2015-03-01 07:00:00,314.7,actual
2015-03-01 08:00:00,1014.3,actual
2015-03-01 09:00:00,1807.51,actual
2015-03-01 10:00:00,2250.76,actual
2015-03-01 11:00:00,2722.12,actual
2015-03-01 12:00:00,2316.62,actual
2015-03-01 13:00:00,2161.36,actual
2015-03-01 14:00:00,1799.07,actual
2015-03-01 15:00:00,908.33,actual
2015-03-01 16:00:00,393.99,actual
2015-03-01 17:00:00,71.42,actual
2015-03-02 06:00:00,1.18,actual
2015-03-02 07:00:00,258.54,actual
2015-03-02 08:00:00,940.13,actual
2015-03-02 09:00:00,1248.12,actual
2015-03-02 10:00:00,1574.57,actual
2015-03-02 11:00:00,1867.07,actual
2015-03-02 12:00:00,2259.74,actual
2015-03-02 13:00:00,2249.88,actual
2015-03-02 14:00:00,1982.88,actual
2015-03-02 15:00:00,1408.81,actual
2015-03-02 16:00:00,655.86,actual
2015-03-02 17:00:00,76.47,actual
2015-03-03 06:00:00,1.96,actual
2015-03-03 07:00:00,218.24,actual
2015-03-03 08:00:00,800.27,actual
2015-03-03 09:00:00,1487.15,actual
2015-03-03 10:00:00,1851.62,actual
2015-03-03 11:00:00,1885.75,actual
2015-03-03 12:00:00,1813.5,actual
2015-03-03 13:00:00,1528.56,actual
2015-03-03 14:00:00,1217.89,actual
2015-03-03 15:00:00,815.09,actual
2015-03-03 16:00:00,473.1,actual
2015-03-03 17:00:00,87.44,actual
2015-03-04 06:00:00,5.2,actual
2015-03-04 07:00:00,374.16,actual
2015-03-04 08:00:00,1212.89,actual
2015-03-04 09:00:00,2066.37,actual
2015-03-04 10:00:00,2751.178,actual
2015-03-04 11:00:00,2751.178,actual
2015-03-04 12:00:00,2751.178,actual
2015-03-04 13:00:00,2751.178,actual
2015-03-04 14:00:00,2530.75,actual
2015-03-04 15:00:00,1815.25,actual
2015-03-04 16:00:00,945.69,actual
2015-03-04 17:00:00,153.72,actual
2015-03-05 06:00:00,7.82,actual
2015-03-05 07:00:00,353.11,actual
2015-03-05 08:00:00,937.15,actual
2015-03-05 09:00:00,1640.84,actual
2015-03-05 10:00:00,2399.19,actual
2015-03-05 11:00:00,2751.178,actual
2015-03-05 12:00:00,2751.178,actual
2015-03-05 13:00:00,2751.178,actual
2015-03-05 14:00:00,2226.12,actual
2015-03-05 15:00:00,1394.87,actual
2015-03-05 16:00:00,660.06,actual
2015-03-05 17:00:00,113.7,actual
2015-03-06 06:00:00,8.86,actual
2015-03-06 07:00:00,275.42,actual
2015-03-06 08:00:00,746.81,actual
2015-03-06 09:00:00,1337.75,actual
2015-03-06 10:00:00,2023.88,actual
2015-03-06 11:00:00,2640.38,actual
2015-03-06 12:00:00,2751.178,actual
2015-03-06 13:00:00,2751.178,actual
2015-03-06 14:00:00,2698.88,actual
2015-03-06 15:00:00,1927.26,actual
2015-03-06 16:00:00,1008.3,actual
2015-03-06 17:00:00,182.76,actual
2015-03-07 06:00:00,9.27,actual
2015-03-07 07:00:00,279.4,actual
2015-03-07 08:00:00,847.16,actual
2015-03-07 09:00:00,1718.54,actual
2015-03-07 10:00:00,2751.178,actual
2015-03-07 11:00:00,2751.178,actual
2015-03-07 12:00:00,2751.178,actual
2015-03-07 13:00:00,2751.178,actual
2015-03-07 14:00:00,2746.75,actual
2015-03-07 15:00:00,1973.12,actual
2015-03-07 16:00:00,1052.63,actual
2015-03-07 17:00:00,196.49,actual
2015-03-08 06:00:00,7.59,actual
2015-03-08 07:00:00,152.72,actual
2015-03-08 08:00:00,296.15,actual
2015-03-08 09:00:00,403.66,actual
2015-03-08 10:00:00,422.16,actual
2015-03-08 11:00:00,598.92,actual
2015-03-08 12:00:00,606.06,actual
2015-03-08 13:00:00,697.56,actual
2015-03-08 14:00:00,1150.65,actual
2015-03-08 15:00:00,1419.91,actual
2015-03-08 16:00:00,1002.76,actual
2015-03-08 17:00:00,213.41,actual
2015-03-09 06:00:00,12.56,actual
2015-03-09 07:00:00,218.09,actual
2015-03-09 08:00:00,487.72,actual
2015-03-09 09:00:00,731.81,actual
2015-03-09 10:00:00,842.72,actual
2015-03-09 11:00:00,765.0,actual
2015-03-09 12:00:00,733.59,actual
2015-03-09 13:00:00,817.28,actual
2015-03-09 14:00:00,732.66,actual
2015-03-09 15:00:00,470.75,actual
2015-03-09 16:00:00,225.88,actual
2015-03-09 17:00:00,31.97,actual
2015-03-10 06:00:00,18.2,actual
2015-03-10 07:00:00,308.12,actual
2015-03-10 08:00:00,787.35,actual
2015-03-10 09:00:00,1283.76,actual
2015-03-10 10:00:00,1647.44,actual
2015-03-10 11:00:00,2170.7,actual
2015-03-10 12:00:00,2751.178,actual
2015-03-10 13:00:00,2751.178,actual
2015-03-10 14:00:00,2751.178,actual
2015-03-10 15:00:00,2044.88,actual
2015-03-10 16:00:00,1081.12,actual
2015-03-10 17:00:00,227.91,actual
2015-03-11 06:00:00,22.01,actual
2015-03-11 07:00:00,253.83,actual
2015-03-11 08:00:00,546.94,actual
2015-03-11 09:00:00,651.72,actual
2015-03-11 10:00:00,952.2,actual
2015-03-11 11:00:00,1295.5,actual
2015-03-11 12:00:00,1235.93,actual
2015-03-11 13:00:00,896.46,actual
2015-03-11 14:00:00,747.85,actual
2015-03-11 15:00:00,729.66,actual
2015-03-11 16:00:00,442.1,actual
2015-03-11 17:00:00,72.85,actual
2015-03-12 06:00:00,29.28,actual
2015-03-12 07:00:00,379.39,actual
2015-03-12 08:00:00,846.28,actual
2015-03-12 09:00:00,1117.11,actual
2015-03-12 10:00:00,1303.51,actual
2015-03-12 11:00:00,1347.76,actual
2015-03-12 12:00:00,1159.74,actual
2015-03-12 13:00:00,949.44,actual
2015-03-12 14:00:00,703.28,actual
2015-03-12 15:00:00,420.91,actual
2015-03-12 16:00:00,172.33,actual
2015-03-12 17:00:00,36.2,actual
2015-04-01 05:00:00,1.62,actual
2015-04-01 06:00:00,336.24,actual
2015-04-01 07:00:00,1140.56,actual
2015-04-01 08:00:00,1866.01,actual
2015-04-01 09:00:00,2564.76,actual
2015-04-01 10:00:00,2751.178,actual
2015-04-01 11:00:00,2751.178,actual
2015-04-01 12:00:00,2751.178,actual
2015-04-01 13:00:00,2751.178,actual
2015-04-01 14:00:00,2686.62,actual
2015-04-01 15:00:00,1699.38,actual
2015-01-01 08:00:00,-346.892003148211,forecast
2015-01-01 09:00:00,127.96858424480337,forecast
2015-01-01 10:00:00,531.312471147211,forecast
2015-01-01 11:00:00,801.1656674959281,forecast
2015-01-01 12:00:00,891.5671137171666,forecast
2015-01-01 13:00:00,790.7648927105336,forecast
2015-01-01 14:00:00,517.6521561002005,forecast
2015-01-01 15:00:00,106.07784026898429,forecast
2015-01-01 16:00:00,-395.0557264484439,forecast
2015-01-02 08:00:00,-10.941795803462242,forecast
2015-01-02 09:00:00,465.59188536428815,forecast
2015-01-02 10:00:00,868.4384107640915,forecast
2015-01-02 11:00:00,1135.6803919968734,forecast
2015-01-02 12:00:00,1221.4334714433978,forecast
2015-01-02 13:00:00,1114.0411011493356,forecast
2015-01-02 14:00:00,832.5088345031766,forecast
2015-01-02 15:00:00,410.8132300826521,forecast
2015-01-02 16:00:00,-102.00250595292317,forecast
2015-01-03 08:00:00,15.374173995501451,forecast
2015-01-03 09:00:00,477.5960370697076,forecast
2015-01-03 10:00:00,866.9690788412063,forecast
2015-01-03 11:00:00,1121.5981305512873,forecast
2015-01-03 12:00:00,1195.6048115121948,forecast
2015-01-03 13:00:00,1077.3228335977756,forecast
2015-01-03 14:00:00,785.7330463805935,forecast
2015-01-03 15:00:00,354.7733099325164,forecast
2015-01-03 16:00:00,-166.56469441842432,forecast
2015-01-04 08:00:00,-151.16670895539826,forecast
2015-01-04 09:00:00,302.8934320527045,forecast
2015-01-04 10:00:00,683.649851149615,forecast
2015-01-04 11:00:00,929.2277034170543,forecast
2015-01-04 12:00:00,993.7844896499653,forecast
2015-01-04 13:00:00,865.705253528362,forecast
2015-01-04 14:00:00,564.037276463709,forecast
2015-01-04 15:00:00,122.799359265041,forecast
2015-01-04 16:00:00,-408.9221917899649,forecast
2015-01-05 08:00:00,-466.7429644201227,forecast
2015-01-05 09:00:00,-4.719461956545302,forecast
2015-01-05 10:00:00,386.03790478199215,forecast
2015-01-05 11:00:00,643.6741073717544,forecast
2015-01-05 12:00:00,722.3452617172751,forecast
2015-01-05 13:00:00,610.4131454228041,forecast
2015-01-05 14:00:00,326.87946935810544,forecast
2015-01-05 15:00:00,-94.30499336317806,forecast
2015-01-05 16:00:00,-604.1442979772431,forecast
2015-01-06 08:00:00,-207.22948930903462,forecast
2015-01-06 09:00:00,278.11348633206677,forecast
2015-01-06 10:00:00,690.1798741723279,forecast
2015-01-06 11:00:00,966.9222218906102,forecast
2015-01-06 12:00:00,1062.3232301572211,forecast
2015-01-06 13:00:00,964.5923365053881,forecast
2015-01-06 14:00:00,692.6018433398131,forecast
2015-01-06 15:00:00,280.19766541323145,forecast
2015-01-06 16:00:00,-223.7032010820938,forecast
2015-01-07 08:00:00,-77.15016556881645,forecast
2015-01-07 09:00:00,379.43350188701913,forecast
2015-01-07 10:00:00,762.7006039955043,forecast
2015-01-07 11:00:00,1010.89269589222,forecast
2015-01-07 12:00:00,1078.2781351317346,forecast
2015-01-07 13:00:00,953.3456747520299,forecast
2015-01-07 14:00:00,655.2376713331469,forecast
2015-01-07 15:00:00,218.05801598196814,forecast
2015-01-07 16:00:00,-309.03307733752416,forecast
2015-01-08 08:00:00,-206.47653267728197,forecast
2015-01-08 09:00:00,268.3840499601497,forecast
2015-01-08 10:00:00,671.7279321090218,forecast
2015-01-08 11:00:00,941.5811237090365,forecast
2015-01-08 12:00:00,1031.982565176115,forecast
2015-01-08 13:00:00,931.1803394003816,forecast
2015-01-08 14:00:00,658.0675980515053,forecast
2015-01-08 15:00:00,246.49327746376227,forecast
2015-01-08 16:00:00,-254.64029401051494,forecast
2015-01-09 08:00:00,129.47356058075692,forecast
2015-01-09 09:00:00,606.0072369929251,forecast
2015-01-09 10:00:00,1008.8537576389177,forecast
2015-01-09 11:00:00,1276.0957341201906,forecast
2015-01-09 12:00:00,1361.8488088030956,forecast
2015-01-09 13:00:00,1254.456433733189,forecast
2015-01-09 14:00:00,972.9241623394023,forecast
2015-01-09 15:00:00,551.2285531541918,forecast
2015-01-09 16:00:00,38.41281235361035,forecast
2015-01-10 08:00:00,155.78941611832627,forecast
2015-01-10 09:00:00,618.0112744287901,forecast
2015-01-10 10:00:00,1007.384311438598,forecast
2015-01-10 11:00:00,1262.0133583803065,forecast
2015-01-10 12:00:00,1336.020034590245,forecast
2015-01-10 13:00:00,1217.738051899351,forecast
2015-01-10 14:00:00,926.148259935671,forecast
2015-01-10 15:00:00,495.18851872128727,forecast
2015-01-10 16:00:00,-26.149490372967307,forecast
2015-01-11 08:00:00,-10.751580740816593,forecast
2015-01-11 09:00:00,443.30855551710374,forecast
2015-01-11 10:00:00,824.0649698874965,forecast
2015-01-11 11:00:00,1069.642817403867,forecast
2015-01-11 12:00:00,1134.1995988989086,forecast
2015-01-11 13:00:00,1006.1203580382376,forecast
2015-01-11 14:00:00,704.4523762316643,forecast
2015-01-11 15:00:00,263.21445428624764,forecast
2015-01-11 16:00:00,-268.5071015083861,forecast
2015-01-12 08:00:00,-326.32794996763283,forecast
2015-01-12 09:00:00,135.69554770345457,forecast
2015-01-12 10:00:00,526.4529144100228,forecast
2015-01-12 11:00:00,784.0891169408659,forecast
2015-01-12 12:00:00,862.7602712425428,forecast
2015-01-12 13:00:00,750.8281549030362,forecast
2015-01-12 14:00:00,467.2944787914146,forecast
2015-01-12 15:00:00,46.110016017374505,forecast
2015-01-12 16:00:00,-463.7292886423327,forecast
2015-02-01 07:00:00,-57.60584980008355,forecast
2015-02-01 08:00:00,410.49342614724964,forecast
2015-02-01 09:00:00,864.5535623729672,forecast
2015-02-01 10:00:00,1245.3099766865578,forecast
2015-02-01 11:00:00,1490.8878241698042,forecast
2015-02-01 12:00:00,1555.444222365134,forecast
2015-02-01 13:00:00,1427.3645982060434,forecast
2015-02-01 14:00:00,1125.696233104336,forecast
2015-02-01 15:00:00,684.4579278692038,forecast
2015-02-01 16:00:00,152.73598877869003,forecast
2015-02-02 07:00:00,-379.15573026223075,forecast
2015-02-02 08:00:00,94.90900761800455,forecast
2015-02-02 09:00:00,556.9321220012391,forecast
2015-02-02 10:00:00,947.6891054603932,forecast
2015-02-02 11:00:00,1205.3249247631416,forecast
2015-02-02 12:00:00,1283.9956958066875,forecast
2015-02-02 13:00:00,1172.0631962180437,forecast
2015-02-02 14:00:00,888.5282439594163,forecast
2015-02-02 15:00:00,467.34250502115106,forecast
2015-02-02 16:00:00,-42.49807579631323,forecast
2015-02-03 07:00:00,-144.7883030840121,forecast
2015-02-03 08:00:00,354.3963137027324,forecast
2015-02-03 09:00:00,839.7380131559567,forecast
2015-02-03 10:00:00,1251.8031248250775,forecast
2015-02-03 11:00:00,1528.5441963205635,forecast
2015-02-03 12:00:00,1623.9439283940528,forecast
2015-02-03 13:00:00,1526.2117585433873,forecast
2015-02-03 14:00:00,1254.2199892003914,forecast
2015-02-03 15:00:00,841.8145350618921,forecast
2015-02-03 16:00:00,337.9075905000675,forecast
2015-02-04 07:00:00,13.613562290025754,forecast
2015-02-04 08:00:00,484.36337751205224,forecast
2015-02-04 09:00:00,940.9409669344848,forecast
2015-02-04 10:00:00,1324.2019910086317,forecast
2015-02-04 11:00:00,1572.388004870137,forecast
2015-02-04 12:00:00,1639.7673660739868,forecast
2015-02-04 13:00:00,1514.8288276587114,forecast
2015-02-04 14:00:00,1216.7147462046912,forecast
2015-02-04 15:00:00,779.529012818966,forecast
2015-02-04 16:00:00,252.43184146588382,forecast
2015-02-05 07:00:00,-132.13654286491436,forecast
2015-02-05 08:00:00,354.8911377116375,forecast
2015-02-05 09:00:00,829.7171419202969,forecast
2015-02-05 10:00:00,1233.026445623641,forecast
2015-02-05 11:00:00,1502.8450588060005,forecast
2015-02-05 12:00:00,1593.2119218361129,forecast
2015-02-05 13:00:00,1492.3751176548813,forecast
2015-02-05 14:00:00,1219.2277978588572,forecast
2015-02-05 15:00:00,807.6188988411858,forecast
2015-02-05 16:00:00,306.4507489379348,forecast
2015-02-06 07:00:00,199.13332942115815,forecast
2015-02-06 08:00:00,690.0113486689654,forecast
2015-02-06 09:00:00,1166.5104466565585,forecast
2015-02-06 10:00:00,1569.3223888937712,forecast
2015-02-06 11:00:00,1836.4926558079553,forecast
2015-02-06 12:00:00,1922.174020948325,forecast
2015-02-06 13:00:00,1814.7099363478812,forecast
2015-02-06 14:00:00,1533.1059553771138,forecast
2015-02-06 15:00:00,1111.33863666439,forecast
2015-02-06 16:00:00,598.4511863176377,forecast
2015-02-07 07:00:00,238.95095118515283,forecast
2015-02-07 08:00:00,714.6804372417495,forecast
2015-02-07 09:00:00,1176.8305860001096,forecast
2015-02-07 10:00:00,1566.1319134568776,forecast
2015-02-07 11:00:00,1820.6892508449055,forecast
2015-02-07 12:00:00,1894.6242175004625,forecast
2015-02-07 13:00:00,1776.2705252552792,forecast
2015-02-07 14:00:00,1484.56585476247,forecast
2015-02-07 15:00:00,1053.4912349881054,forecast
2015-02-07 16:00:00,532.0383473517641,forecast
2015-02-07 17:00:00,7.447956205709772,forecast
2015-02-08 07:00:00,77.6138028598204,forecast
2015-02-08 08:00:00,545.5982003312687,forecast
2015-02-08 09:00:00,999.5434580707329,forecast
2015-02-08 10:00:00,1380.1849938693667,forecast
2015-02-08 11:00:00,1625.6479628556287,forecast
2015-02-08 12:00:00,1690.0898658065341,forecast
2015-02-08 13:00:00,1561.8957464018208,forecast
2015-02-08 14:00:00,1260.1128860379465,forecast
2015-02-08 15:00:00,818.715426597005,forecast
2015-02-08 16:00:00,286.83433329539344,forecast
2015-02-08 17:00:00,-248.18237052556344,forecast
2015-02-09 07:00:00,-247.44469899415543,forecast
2015-02-09 08:00:00,226.4608846334721,forecast
2015-02-09 09:00:00,688.3248448473372,forecast
2015-02-09 10:00:00,1078.9226740740232,forecast
2015-02-09 11:00:00,1336.399339162287,forecast
2015-02-09 12:00:00,1414.9109559906906,forecast
2015-02-09 13:00:00,1302.8193021874308,forecast
2015-02-09 14:00:00,1019.1260885965617,forecast
2015-02-09 15:00:00,597.7820883513359,forecast
2015-02-09 16:00:00,87.74906435812733,forecast
2015-02-09 17:00:00,-423.70307143157333,forecast
2015-02-10 07:00:00,-17.427811151149854,forecast
2015-02-10 08:00:00,481.5643624205506,forecast
2015-02-10 09:00:00,966.7136186743159,forecast
2015-02-10 10:00:00,1378.5862871158367,forecast
2015-02-10 11:00:00,1655.1349154001305,forecast
2015-02-10 12:00:00,1750.3422042633733,forecast
2015-02-10 13:00:00,1652.4175912012663,forecast
2015-02-10 14:00:00,1380.23337863053,forecast
2015-02-10 15:00:00,967.6354812906682,forecast
2015-02-10 16:00:00,463.5408953486988,forecast
2015-02-10 17:00:00,-44.86660465337826,forecast
2015-02-11 07:00:00,136.22351790379827,forecast
2015-02-11 08:00:00,606.7707825615977,forecast
2015-02-11 09:00:00,1063.1458214214,forecast
2015-02-11 10:00:00,1446.2042949349743,forecast
2015-02-11 11:00:00,1694.1877582420702,forecast
2015-02-11 12:00:00,1761.3645688832385,forecast
2015-02-11 13:00:00,1636.223479893362,forecast
2015-02-11 14:00:00,1337.9068478929717,forecast
2015-02-11 15:00:00,900.5185639437113,forecast
2015-02-11 16:00:00,373.21884202677353,forecast
2015-02-11 17:00:00,-156.5825989483394,forecast
2015-02-12 07:00:00,-14.387800706201801,forecast
2015-02-12 08:00:00,472.43579130015166,forecast
2015-02-12 09:00:00,947.0862073201359,forecast
2015-02-12 10:00:00,1350.2199228790278,forecast
2015-02-12 11:00:00,1619.862947901011,forecast
2015-02-12 12:00:00,1710.0542227644678,forecast
2015-02-12 13:00:00,1609.0418304091775,forecast
2015-02-12 14:00:00,1335.7189224563358,forecast
2015-02-12 15:00:00,923.9344352701085,forecast
2015-02-12 16:00:00,422.59069719797355,forecast
2015-02-12 17:00:00,-81.16056984275883,forecast
2015-03-01 06:00:00,-24.611346409837665,forecast
2015-03-01 07:00:00,395.3536836530263,forecast
2015-03-01 08:00:00,863.242793081023,forecast
2015-03-01 09:00:00,1317.0927627440396,forecast
2015-03-01 10:00:00,1697.639010519632,forecast
2015-03-01 11:00:00,1943.0066914740478,forecast
2015-03-01 12:00:00,2007.3533063775922,forecast
2015-03-01 13:00:00,1879.063898950666,forecast
2015-03-01 14:00:00,1577.1857505331045,forecast
2015-03-01 15:00:00,1135.737662007325,forecast
2015-03-01 16:00:00,603.80593962712,forecast
2015-03-01 17:00:00,68.73860674474861,forecast
2015-03-02 06:00:00,-355.2250580283322,forecast
2015-03-02 07:00:00,68.76747126858413,forecast
2015-03-02 08:00:00,542.6224258270538,forecast
2015-03-02 09:00:00,1004.4357569646103,forecast
2015-03-02 10:00:00,1394.9829571440387,forecast
2015-03-02 11:00:00,1652.4089931578064,forecast
2015-03-02 12:00:00,1730.8699809279158,forecast
2015-03-02 13:00:00,1618.7276980590984,forecast
2015-03-02 14:00:00,1334.9838554356488,forecast
2015-03-02 15:00:00,913.5892261290037,forecast
2015-03-02 16:00:00,403.5397549337152,forecast
2015-03-02 17:00:00,-107.92882801190774,forecast
2015-03-03 06:00:00,-152.57493738736548,forecast
2015-03-03 07:00:00,298.11617193991395,forecast
2015-03-03 08:00:00,797.0918983397692,forecast
2015-03-03 09:00:00,1282.224707422879,forecast
2015-03-03 10:00:00,1694.0809286697101,forecast
2015-03-03 11:00:00,1970.6131097836274,forecast
2015-03-03 12:00:00,2065.803951461839,forecast
2015-03-03 13:00:00,1967.862891215987,forecast
2015-03-03 14:00:00,1695.6622314641127,forecast
2015-03-03 15:00:00,1283.0478869497335,forecast
2015-03-03 16:00:00,778.9368538261904,forecast
2015-03-03 17:00:00,270.5129066467787,forecast
2015-03-04 06:00:00,28.704454023958874,forecast
2015-03-04 07:00:00,451.58149712558804,forecast
2015-03-04 08:00:00,922.12722380883,forecast
2015-03-04 09:00:00,1378.5007246658583,forecast
2015-03-04 10:00:00,1761.5576601455818,forecast
2015-03-04 11:00:00,2009.5395854699868,forecast
2015-03-04 12:00:00,2076.7148581069287,forecast
2015-03-04 13:00:00,1951.5722311248394,forecast
2015-03-04 14:00:00,1653.2540611044383,forecast
2015-03-04 15:00:00,1215.864239152923,forecast
2015-03-04 16:00:00,688.5629792350074,forecast
2015-03-04 17:00:00,158.76000025880023,forecast
2015-03-05 06:00:00,-136.04209488078413,forecast
2015-03-05 07:00:00,300.9332664594875,forecast
2015-03-05 08:00:00,787.7568584471087,forecast
2015-03-05 09:00:00,1262.407274496519,forecast
2015-03-05 10:00:00,1665.5409900267985,forecast
2015-03-05 11:00:00,1935.1840150047979,forecast
2015-03-05 12:00:00,2025.3752898558566,forecast
2015-03-05 13:00:00,1924.3628974789108,forecast
2015-03-05 14:00:00,1651.0399894814364,forecast
2015-03-05 15:00:00,1239.2555022938354,forecast
2015-03-05 16:00:00,737.9117642032212,forecast
2015-03-05 17:00:00,234.16049709183187,forecast
2015-03-06 06:00:00,184.88756828891485,forecast
2015-03-06 07:00:00,627.9605217855438,forecast
2015-03-06 08:00:00,1118.6629528373735,forecast
2015-03-06 09:00:00,1594.986462631729,forecast
2015-03-06 10:00:00,1997.622816674766,forecast
2015-03-06 11:00:00,2264.654626526747,forecast
2015-03-06 12:00:00,2350.197534604668,forecast
2015-03-06 13:00:00,2242.594992914936,forecast
2015-03-06 14:00:00,1960.8525549108313,forecast
2015-03-06 15:00:00,1538.9467791163197,forecast
2015-03-06 16:00:00,1025.9208717053825,forecast
2015-03-06 17:00:00,509.0785978210625,forecast
2015-03-07 06:00:00,237.1264877894497,forecast
2015-03-07 07:00:00,664.3437806147501,forecast
2015-03-07 08:00:00,1139.9348096311726,forecast
2015-03-07 09:00:00,1601.9465013255426,forecast
2015-03-07 10:00:00,1991.1093717173849,forecast
2015-03-07 11:00:00,2245.5282520274036,forecast
2015-03-07 12:00:00,2319.3247616044964,forecast
2015-03-07 13:00:00,2200.8326122809417,forecast
2015-03-07 14:00:00,1909.0326537019155,forecast
2015-03-07 15:00:00,1477.8627458419232,forecast
2015-03-07 16:00:00,956.3145701209099,forecast
2015-03-07 17:00:00,431.6288908919074,forecast
2015-03-08 06:00:00,80.49567434892765,forecast
2015-03-08 07:00:00,500.46070438659615,forecast
2015-03-08 08:00:00,968.3498137833352,forecast
2015-03-08 09:00:00,1422.199783394928,forecast
2015-03-08 10:00:00,1802.7460311289024,forecast
2015-03-08 11:00:00,2048.1137120426906,forecast
2015-03-08 12:00:00,2112.4603269065483,forecast
2015-03-08 13:00:00,1984.1709194237847,forecast
2015-03-08 14:00:00,1682.2927709790988,forecast
2015-03-08 15:00:00,1240.8446824050004,forecast
2015-03-08 16:00:00,708.9129600163585,forecast
2015-03-08 17:00:00,173.84562705818882,forecast
2015-03-09 06:00:00,-250.11803824578055,forecast
2015-03-09 07:00:00,173.8744910073317,forecast
2015-03-09 08:00:00,647.7294455304276,forecast
2015-03-09 09:00:00,1109.542776604873,forecast
2015-03-09 10:00:00,1500.089976746131,forecast
2015-03-09 11:00:00,1757.5160126952771,forecast
2015-03-09 12:00:00,1835.9770004153338,forecast
2015-03-09 13:00:00,1723.834717495267,forecast
2015-03-09 14:00:00,1440.0908748182123,forecast
2015-03-09 15:00:00,1018.6962454526088,forecast
2015-03-09 16:00:00,508.646774205476,forecast
2015-03-09 17:00:00,-2.821808764371326,forecast
2015-03-10 06:00:00,-47.46791883983474,forecast
2015-03-10 07:00:00,403.2231904329286,forecast
2015-03-10 08:00:00,902.1989167857271,forecast
2015-03-10 09:00:00,1387.3317258197233,forecast
2015-03-10 10:00:00,1799.187947040537,forecast
2015-03-10 11:00:00,2075.7201281037223,forecast
2015-03-10 12:00:00,2170.910969744897,forecast
2015-03-10 13:00:00,2072.9699094608072,forecast
2015-03-10 14:00:00,1800.7692496677696,forecast
2015-03-10 15:00:00,1388.1549051070037,forecast
2015-03-10 16:00:00,884.0438719450856,forecast
2015-03-10 17:00:00,375.61992472507086,forecast
2015-03-11 06:00:00,133.81147160165403,forecast
2015-03-11 07:00:00,556.688514661806,forecast
2015-03-11 08:00:00,1027.2342413027413,forecast
2015-03-11 09:00:00,1483.6077421184646,forecast
2015-03-11 10:00:00,1866.664677572464,forecast
2015-03-11 11:00:00,2114.6466028438713,forecast
2015-03-11 12:00:00,2181.821875435263,forecast
2015-03-11 13:00:00,2056.6792484304583,forecast
2015-03-11 14:00:00,1758.3610783607355,forecast
2015-03-11 15:00:00,1320.9712563662524,forecast
2015-03-11 16:00:00,793.669996405049,forecast
2015-03-11 17:00:00,263.8670174034137,forecast
2015-03-12 06:00:00,-30.93507826223697,forecast
2015-03-12 07:00:00,406.0402830317023,forecast
2015-03-12 08:00:00,892.8638749801165,forecast
2015-03-12 09:00:00,1367.5142909874858,forecast
2015-03-12 10:00:00,1770.6480065076494,forecast
2015-03-12 11:00:00,2040.2910314771775,forecast
2015-03-12 12:00:00,2130.4823063115155,forecast
2015-03-12 13:00:00,2029.4699139342902,forecast
2015-03-12 14:00:00,1756.1470059257936,forecast
2015-03-12 15:00:00,1344.3625187256134,forecast
2015-03-12 16:00:00,843.018780621569,forecast
2015-03-12 17:00:00,339.26751351348696,forecast
2015-04-01 05:00:00,159.74584829924697,forecast
2015-04-01 06:00:00,449.13251943879845,forecast
2015-04-01 07:00:00,872.009562502391,forecast
2015-04-01 08:00:00,1342.555289122411,forecast
2015-04-01 09:00:00,1798.928789927552,forecast
2015-04-01 10:00:00,2181.985725415943,forecast
2015-04-01 11:00:00,2429.9676506830356,forecast
2015-04-01 12:00:00,2497.1429232772093,forecast
2015-04-01 13:00:00,2372.000296260787,forecast
2015-04-01 14:00:00,2073.682126189942,forecast
2015-04-01 15:00:00,1636.2923042230818,forecast
2015-04-01 16:00:00,1108.9910442615922,forecast
2015-04-01 17:00:00,579.1880652221721,forecast
2015-04-01 18:00:00,186.78286816231298,forecast
2015-04-01 19:00:00,86.75162046975765,forecast
2015-04-01 20:00:00,358.41683602173214,forecast
2015-04-01 21:00:00,920.4983386986,forecast
2015-04-01 22:00:00,1530.5071293880808,forecast
2015-04-01 23:00:00,1895.1924354970324,forecast
2015-04-02 00:00:00,1831.6399593800334,forecast
2015-04-02 01:00:00,1370.7041119142984,forecast
2015-04-02 02:00:00,731.1947405046762,forecast
2015-04-02 03:00:00,187.30716503818098,forecast
2015-04-02 04:00:00,-74.33587352233394,forecast
2015-04-02 05:00:00,-16.75980184172795,forecast
2015-04-02 06:00:00,284.38596957486607,forecast
2015-04-02 07:00:00,721.3613308763901,forecast
2015-04-02 08:00:00,1208.1849228241963,forecast
2015-04-02 09:00:00,1682.8353388329265,forecast
2015-04-02 10:00:00,2085.9690543514616,forecast
2015-04-02 11:00:00,2355.61207931669,forecast
2015-04-02 12:00:00,2445.8033541546392,forecast
2015-04-02 13:00:00,2344.7909617646774,forecast
2015-04-02 14:00:00,2071.468053770825,forecast
2015-04-02 15:00:00,1659.6835665558297,forecast
2015-04-02 16:00:00,1158.3398284542025,forecast
2015-04-02 17:00:00,654.5885613625957,forecast
2015-04-02 18:00:00,288.0739450627673,forecast
2015-04-02 19:00:00,213.52222391100509,forecast
2015-04-02 20:00:00,510.0140131619288,forecast
2015-04-02 21:00:00,1096.03776267214,forecast
2015-04-02 22:00:00,1728.8859695595165,forecast
2015-04-02 23:00:00,2115.104392864362,forecast
2015-04-03 00:00:00,2071.5922626410907,forecast
2015-04-03 01:00:00,1629.036248821948,forecast
2015-04-03 02:00:00,1006.0986805246406,forecast
2015-04-03 03:00:00,476.8488148338388,forecast
2015-04-03 04:00:00,227.80574706495008,forecast
2015-04-03 05:00:00,295.86350513103844,forecast
2015-04-03 06:00:00,605.3156324242326,forecast
2015-04-03 07:00:00,1048.3885858946073,forecast
2015-04-03 08:00:00,1539.0910169401925,forecast
2015-04-03 09:00:00,2015.4145267237145,forecast
2015-04-03 10:00:00,2418.0508807549804,forecast
2015-04-03 11:00:00,2685.082690588135,forecast
2015-04-03 12:00:00,2770.6255986471488,forecast
2015-04-03 13:00:00,2663.0230569655364,forecast
2015-04-03 14:00:00,2381.280618931638,forecast
2015-04-03 15:00:00,1959.374843123116,forecast
2015-04-03 16:00:00,1446.348935699124,forecast
2015-04-03 17:00:00,929.5066618195899,forecast
2015-04-03 18:00:00,548.6532226358767,forecast
2015-04-03 19:00:00,458.6826072603137,forecast
2015-04-03 20:00:00,738.8476063588171,forecast
2015-04-03 21:00:00,1307.8109759852293,forecast
2015-04-03 22:00:00,1923.0393727956662,forecast
2015-04-03 23:00:00,2291.25034338984,forecast
2015-04-04 00:00:00,2229.51038874392,forecast
2015-04-04 01:00:00,1768.6668960861791,forecast
2015-04-04 02:00:00,1127.5344550676973,forecast
2015-04-04 03:00:00,580.3243799902671,forecast
2015-04-04 04:00:00,313.6860526797492,forecast
2015-04-04 05:00:00,364.63064634596697,forecast
2015-04-04 06:00:00,657.5545516150853,forecast
2015-04-04 07:00:00,1084.7718444365173,forecast
2015-04-04 08:00:00,1560.3628734448648,forecast
2015-04-04 09:00:00,2022.37456510609,forecast
2015-04-04 10:00:00,2411.5374354895066,forecast
2015-04-04 11:00:00,2665.95631581189,forecast
2015-04-04 12:00:00,2739.752825386122,forecast
2015-04-04 13:00:00,2621.2606760833414,forecast
2015-04-04 14:00:00,2329.460717478152,forecast
2015-04-04 15:00:00,1898.290809616357,forecast
2015-04-04 16:00:00,1376.742633926614,forecast
2015-04-04 17:00:00,852.0569546663698,forecast
2015-04-04 18:00:00,463.96600739630526,forecast
2015-04-04 19:00:00,367.2825000255574,forecast
2015-04-04 20:00:00,641.1713899683535,forecast
2015-04-04 21:00:00,1204.2028988419154,forecast
2015-04-04 22:00:00,1813.7483594485889,forecast
2015-04-04 23:00:00,2176.429149479665,forecast
2015-04-05 00:00:00,2109.2167047271805,forecast
2015-04-05 01:00:00,1642.8663757014967,forecast
2015-04-05 02:00:00,996.1056165107569,forecast
2015-04-05 03:00:00,443.0653006786242,forecast
2015-04-05 04:00:00,170.32275180924717,forecast
2015-04-05 05:00:00,214.82702518472684,forecast
2015-04-05 06:00:00,500.9237381370709,forecast
2015-04-05 07:00:00,920.8887681760309,forecast
2015-04-05 08:00:00,1388.777877539919,forecast
2015-04-05 09:00:00,1842.627847183106,forecast
2015-04-05 10:00:00,2223.174094915511,forecast
2015-04-05 11:00:00,2468.541775818829,forecast
2015-04-05 12:00:00,2532.8883906878177,forecast
2015-04-05 13:00:00,2404.5989832022515,forecast
2015-04-05 14:00:00,2102.720834772713,forecast
2015-04-05 15:00:00,1661.2727462096605,forecast
2015-04-05 16:00:00,1129.3410237898518,forecast
2015-04-05 17:00:00,594.2736908329907,forecast
2015-04-05 18:00:00,195.92161382249242,forecast
2015-04-05 19:00:00,89.2260443846667,forecast
2015-04-05 20:00:00,353.4887588651468,forecast
2015-04-05 21:00:00,907.4232770976348,forecast
2015-04-05 22:00:00,1508.5487791063917,forecast
2015-04-05 23:00:00,1863.63699808874,forecast
2015-04-06 00:00:00,1789.8101099933592,forecast
2015-04-06 01:00:00,1317.9724113742425,forecast
2015-04-06 02:00:00,666.9963027334334,forecast
2015-04-06 03:00:00,111.1514026941029,forecast
2015-04-06 04:00:00,-162.85459056543255,forecast
2015-04-06 05:00:00,-117.95272404872071,forecast
2015-04-06 06:00:00,170.3100255417919,forecast
2015-04-06 07:00:00,594.3025547962252,forecast
2015-04-06 08:00:00,1068.1575093103606,forecast
2015-04-06 09:00:00,1529.970840409428,forecast
2015-04-06 10:00:00,1920.5180405186243,forecast
2015-04-06 11:00:00,2177.9440764798437,forecast
2015-04-06 12:00:00,2256.4050641970216,forecast
2015-04-06 13:00:00,2144.2627812741684,forecast
2015-04-06 14:00:00,1860.5189385808985,forecast
2015-04-06 15:00:00,1439.124309230785,forecast
2015-04-06 16:00:00,929.0748379874709,forecast
2015-04-06 17:00:00,417.60625501050356,forecast
2015-04-06 18:00:00,44.43588125538304,forecast
2015-04-06 19:00:00,-35.64887723513766,forecast
2015-04-06 20:00:00,256.4808265548447,forecast
2015-04-06 21:00:00,839.3479692154901,forecast
2015-04-06 22:00:00,1470.2652810864847,forecast
2015-04-06 23:00:00,1855.7840672754926,forecast
2015-04-07 00:00:00,1812.7942246986772,forecast
2015-04-07 01:00:00,1371.9582230007259,forecast
2015-04-07 02:00:00,751.8995417235664,forecast
2015-04-07 03:00:00,226.63435983028944,forecast
2015-04-07 04:00:00,-17.384914123114186,forecast
2015-04-07 05:00:00,56.656263169978956,forecast
2015-04-07 06:00:00,372.96014492241875,forecast
2015-04-07 07:00:00,823.6512541941722,forecast
2015-04-07 08:00:00,1322.626980575166,forecast
2015-04-07 09:00:00,1807.75978960852,forecast
2015-04-07 10:00:00,2219.616010798289,forecast
2015-04-07 11:00:00,2496.148191888483,forecast
2015-04-07 12:00:00,2591.339033526744,forecast
2015-04-07 13:00:00,2493.397973239832,forecast
2015-04-07 14:00:00,2221.197313444403,forecast
2015-04-07 15:00:00,1808.5829688818333,forecast
2015-04-07 16:00:00,1304.4719357190656,forecast
2015-04-07 17:00:00,796.0479884999231,forecast
2015-04-07 18:00:00,423.0042778614419,forecast
2015-04-07 19:00:00,340.13231502140377,forecast
2015-04-07 20:00:00,626.5935082356792,forecast
2015-04-07 21:00:00,1200.9717184344465,forecast
2015-04-07 22:00:00,1820.6684364769678,forecast
2015-04-07 23:00:00,2192.3508471486557,forecast
2015-04-08 00:00:00,2133.050785637711,forecast
2015-04-08 01:00:00,1673.597365793587,forecast
2015-04-08 02:00:00,1032.803786206579,forecast
2015-04-08 03:00:00,484.89712808882905,forecast
2015-04-08 04:00:00,216.55975384616727,forecast
2015-04-08 05:00:00,264.8528642494214,forecast
2015-04-08 06:00:00,554.2395353892138,forecast
2015-04-08 07:00:00,977.1165784506502,forecast
2015-04-08 08:00:00,1447.6623050676862,forecast
2015-04-08 09:00:00,1904.0358058869629,forecast
2015-04-08 10:00:00,2287.0927413593035,forecast
2015-04-08 11:00:00,2535.0746666204464,forecast
2015-04-08 12:00:00,2602.249939224417,forecast
2015-04-08 13:00:00,2477.1073122091275,forecast
2015-04-08 14:00:00,2178.7891421370255,forecast
2015-04-08 15:00:00,1741.3993201672552,forecast
