datetime,temp_location3,temp_location6,temp_location2,temp_location4,temp_location5,temp_location1,solar_location3,solar_location6,solar_location2,solar_location4,solar_location5,solar_location1,total_solar,Hour
1/1/2015 8:00,10.13,11.68,10.74,9.4,12.17,10.88,2.58,4.54,3.12,2.66,6.76,4.15,23.81,8
1/1/2015 9:00,10.32,11.71,10.78,9.66,12.19,10.89,25.56,35.39,31.73,21.15,47.14,38.05,199.02,9
1/1/2015 10:00,10.42,11.7,10.83,9.94,12.19,10.96,56.53,95.44,77.41,46.75,106.41,77.38,459.92,10
1/1/2015 11:00,10.63,11.75,11.04,10.22,12.27,11.2,64.56,131.38,86.97,64.94,126.41,93.69,567.95,11
1/1/2015 12:00,10.86,11.84,11.17,10.45,12.34,11.37,97.16,167.38,104.53,55.41,182,137.31,743.79,12
1/1/2015 13:00,11.15,11.95,11.31,10.63,12.37,11.58,146.69,180.31,124.81,77.72,189.88,161.44,880.85,13
1/1/2015 14:00,11.49,12.02,11.45,10.91,12.42,11.73,70.97,141.94,96.88,74.41,149,83.19,616.39,14
1/1/2015 15:00,11.34,12.08,11.4,11.03,12.48,11.59,14.76,52.58,31.53,12.62,46.34,20.07,177.9,15
1/1/2015 16:00,11.17,12.1,11.25,10.89,12.53,11.51,0.1,0.83,0.33,0,0.89,0.36,2.51,16
2/1/2015 8:00,7.01,10.38,7.66,6.14,10.6,7.93,9.87,7.54,7.18,11.22,7.16,7.63,50.6,8
2/1/2015 9:00,6.75,10.3,7.46,5.82,10.56,7.74,95.69,53.89,78.09,97.28,56.44,85.06,466.45,9
2/1/2015 10:00,7.2,10.31,7.73,6.45,10.5,7.96,182,144.81,182.31,178,163.38,192.19,1042.69,10
2/1/2015 11:00,7.86,10.39,8.39,7.41,10.55,8.53,233,246.12,231.38,225.25,256.75,242.75,1435.25,11
2/1/2015 12:00,8.17,10.37,8.79,7.96,10.45,8.75,253.44,263.38,259,243,267.5,260.88,1547.2,12
2/1/2015 13:00,8.05,10.24,8.78,7.94,10.3,8.62,218.19,233.12,225.44,209.44,239.12,230.06,1355.37,13
2/1/2015 14:00,7.69,10.11,8.5,7.5,10.18,8.34,147.25,161.94,155,131.75,165.62,158.81,920.37,14
2/1/2015 15:00,6.9,9.92,7.83,6.52,9.96,7.72,52.78,57.38,56.56,36.19,57.69,60.78,321.38,15
2/1/2015 16:00,4.73,9.5,5.98,3.94,9.57,5.99,0.49,1.31,0.87,0.02,1.9,1.33,5.92,16
3/1/2015 8:00,10.11,12.47,11.55,4.52,12.47,11.51,2.69,2.37,3.35,1.41,2.39,3.29,15.5,8
3/1/2015 9:00,10.97,12.54,11.65,5.42,12.5,11.58,26.84,23.47,41.39,25.22,21.12,31.28,169.32,9
3/1/2015 10:00,11.26,12.51,11.79,7.38,12.51,11.79,42.44,44.16,64.78,24.15,51.56,53.5,280.59,10
3/1/2015 11:00,11.54,12.56,12.07,9.58,12.62,11.97,136.12,118.62,193.75,34.91,136.62,169.12,789.14,11
3/1/2015 12:00,11.77,12.74,12.45,10.38,12.77,12.17,144.62,199.88,186.06,81.41,189.81,137.38,939.16,12
3/1/2015 13:00,11.71,12.72,12.38,10.74,12.7,11.92,92.56,168.44,131.94,63.64,170.69,104.31,731.58,13
3/1/2015 14:00,11.42,12.54,12.13,10.32,12.54,11.73,22.98,116.66,67.91,8.96,96.38,54.25,367.14,14
3/1/2015 15:00,10.93,12.42,11.8,8.27,12.44,11.49,6.4,34.58,14.52,6.43,31.56,13.04,106.53,15
3/1/2015 16:00,9.83,12.3,11.43,4.77,12.28,11.16,0.1,0.59,0.12,0.02,0.8,0.12,1.75,16
4/1/2015 8:00,1.92,9.07,5.85,0.22,9.69,6.19,6.34,6.28,4.82,9.67,4.89,3.84,35.84,8
4/1/2015 9:00,2.17,9.25,6.36,0.35,9.91,6.71,38.8,36.69,28.11,56.83,28.98,26.69,216.1,9
4/1/2015 10:00,2.76,9.5,7.07,0.6,10.16,7.41,72.91,70.06,58.02,111.41,75.72,54.88,443,10
4/1/2015 11:00,3.7,9.7,7.61,1.33,10.42,8.02,78.28,90.84,80.06,159.31,98,75.16,581.65,11
4/1/2015 12:00,4.8,9.79,7.9,2.18,10.59,8.43,87.84,83.88,79.72,162.81,94.94,93,602.19,12
4/1/2015 13:00,5.78,9.92,8.14,2.83,10.78,8.78,76.44,79.16,77.06,124.34,85.72,84.06,526.78,13
4/1/2015 14:00,6.45,10,8.28,3.2,10.95,8.98,56.83,62.12,54.56,64.91,55.16,60.03,353.61,14
4/1/2015 15:00,6.68,10.12,8.23,3.39,11.15,9.09,21.26,22.07,20.02,13.61,19.57,21.19,117.72,15
4/1/2015 16:00,6.55,10.26,7.95,3.09,11.23,8.91,0.2,0.57,0.36,0.01,0.52,0.39,2.05,16
5/1/2015 8:00,7.42,10.63,8.37,6.33,10.86,8.77,5.36,6.54,6.5,5.58,5.58,4.51,34.07,8
5/1/2015 9:00,7.63,10.63,8.66,6.84,10.91,8.96,37.56,39.77,43.33,30.38,30.34,31.38,212.76,9
5/1/2015 10:00,8.14,10.68,9.2,7.47,10.93,9.25,74.78,79.53,80.38,56.45,57.14,60.05,408.33,10
5/1/2015 11:00,8.63,10.71,9.49,8.01,10.88,9.46,99.16,94.44,104,72.38,75.91,76.97,522.86,11
5/1/2015 12:00,9,10.72,9.6,8.46,10.8,9.56,105.41,74.97,100.34,70.75,72.19,70.88,494.54,12
5/1/2015 13:00,9.07,10.73,9.57,8.61,10.7,9.5,108.56,57.91,93.91,75.06,58.45,61.06,454.95,13
5/1/2015 14:00,8.99,10.78,9.49,8.57,10.63,9.38,63.27,30.98,41.22,52.09,34.86,47,269.42,14
5/1/2015 15:00,8.62,10.85,9.3,8.21,10.62,9.18,20.02,9.74,14.98,15.32,11.31,15.91,87.28,15
5/1/2015 16:00,8.14,10.94,9.08,7.65,10.75,8.91,0.26,0.36,0.36,0.03,0.43,0.43,1.87,16
6/1/2015 8:00,8.34,11.38,9.35,8.14,10.74,8.76,3.16,5.24,4.51,10.95,1.68,3.64,29.18,8
6/1/2015 9:00,7.69,10.74,8.74,8.4,9.55,7.72,47.94,21.64,40.64,36.23,53.02,72.53,272,9
6/1/2015 10:00,6.85,9.67,7.77,8.18,9.64,7.55,164.56,127.72,163.69,100.41,185.81,194.06,936.25,10
6/1/2015 11:00,6.9,9.67,7.85,7.4,9.8,7.89,244.12,249.81,253.38,184.25,262.25,252.62,1446.43,11
6/1/2015 12:00,7.21,9.74,8.07,7.08,9.87,8.16,255,277.88,267.75,233.69,276.12,264.25,1574.69,12
6/1/2015 13:00,7.41,9.76,8.18,7.16,9.92,8.28,219.94,244.62,229.94,214.19,244.75,221.5,1374.94,13
6/1/2015 14:00,7.45,9.74,8.15,7.1,9.89,8.18,148.44,168.81,156.06,139.06,169.31,151,932.68,14
6/1/2015 15:00,7.04,9.66,7.8,6.48,9.77,7.82,51.02,66.56,55.7,43.78,69.75,56.8,343.61,15
6/1/2015 16:00,5.44,9.38,6.58,4.15,9.52,6.78,0.82,1.92,1.26,0.1,2.58,1.71,8.39,16
7/1/2015 8:00,6.43,10.64,7.92,4.09,10.83,8.19,5.86,9.29,6.71,9.76,7.47,4.57,43.66,8
7/1/2015 9:00,6.62,10.85,8.22,4.72,10.95,8.3,22.5,40.83,30.69,36.47,29.83,21.58,181.9,9
7/1/2015 10:00,6.86,10.96,8.43,5.76,10.96,8.42,35.81,56.31,47.02,47.25,46.5,34.42,267.31,10
7/1/2015 11:00,7.31,11.05,8.68,6.56,10.95,8.49,43.25,68.09,62.08,54.86,56.22,40.36,324.86,11
7/1/2015 12:00,7.77,11.06,8.94,7.35,10.86,8.58,38.98,64.16,55.81,48.7,51.75,37.05,296.45,12
7/1/2015 13:00,7.87,11.02,8.92,7.58,10.93,8.69,35.89,50.95,43.59,37.12,53.02,39.81,260.38,13
7/1/2015 14:00,8.02,11.14,8.99,7.75,11.19,8.98,40.33,49.86,44.78,30.95,64.94,47.97,278.83,14
7/1/2015 15:00,8.31,11.35,9.23,7.9,11.41,9.32,15.7,31.61,23.22,12.54,29.23,16.39,128.69,15
7/1/2015 16:00,8.47,11.46,9.32,7.99,11.49,9.44,0.14,0.77,0.34,0.02,0.63,0.26,2.16,16
8/1/2015 8:00,8.47,11.82,9.71,7.76,11.25,9.28,4.82,9.79,8.02,5.31,7.22,5.88,41.04,8
8/1/2015 9:00,8.03,10.91,9.1,7.7,10.86,8.96,28.74,45.97,43.22,34.34,46.56,43.11,241.94,9
8/1/2015 10:00,7.93,10.93,9.09,7.4,10.95,8.98,111.47,156.69,152.62,57.7,122.09,142.06,742.63,10
8/1/2015 11:00,8.18,10.95,9.23,7.47,10.9,9.08,186.88,194,224.44,145.56,188.19,201.69,1140.76,11
8/1/2015 12:00,8.45,10.93,9.36,8.09,10.98,9.2,235.06,263.25,245.62,189.31,266.88,235.19,1435.31,12
8/1/2015 13:00,8.58,10.99,9.46,8.51,10.99,9.24,221.25,237.94,229.81,198.56,240.94,231,1359.5,13
8/1/2015 14:00,8.43,10.98,9.34,8.49,10.95,9.12,151.81,165.88,159.12,137.06,170.56,162.62,947.05,14
8/1/2015 15:00,7.99,10.85,8.92,7.82,10.83,8.76,55.5,67.34,62.56,45.83,72.47,62.94,366.64,15
8/1/2015 16:00,7.03,10.61,8.01,6.19,10.59,7.97,0.41,1.71,0.85,0.18,1.51,0.89,5.55,16
9/1/2015 8:00,9.97,12.2,10.69,10.21,12.28,10.6,12.53,15.23,17.59,6.45,12.48,13.61,77.89,8
9/1/2015 9:00,9.93,12.14,10.52,9.95,12.23,10.54,77.28,81.59,101.66,34.61,82.06,95.97,473.17,9
9/1/2015 10:00,10.16,12.1,10.77,9.85,12.12,10.71,182.25,159,189.31,59.69,175,174.88,940.13,10
9/1/2015 11:00,10.55,12.17,11.22,10.08,12.15,11.09,222.94,221.69,231.69,103.34,258.62,217.62,1255.9,11
9/1/2015 12:00,10.91,12.22,11.55,10.46,12.08,11.34,177.5,256.12,214.19,227.56,179.88,128.19,1183.44,12
9/1/2015 13:00,11.14,12.21,11.72,11.08,12.25,11.44,81.91,84.25,85,143.38,85.25,69.28,549.07,13
9/1/2015 14:00,11.5,12.25,11.98,11.17,12.36,11.71,74.38,99.53,89.47,52.14,139.19,99.62,554.33,14
9/1/2015 15:00,11.78,12.46,12.18,11.67,12.28,11.87,34.23,57.17,45.52,24.76,60.44,39.67,261.79,15
9/1/2015 16:00,11.86,12.48,12.17,12.05,12.37,11.92,0.52,1.76,1.19,0.06,2.64,1.76,7.93,16
10/1/2015 8:00,11.32,12.57,12.03,12.01,12.7,11.72,6.3,2.42,5.98,7.71,3.25,4.24,29.9,8
10/1/2015 9:00,8.06,12.43,9.94,9.54,11.56,8.61,62.8,40.03,62.56,66.94,39.97,55.81,328.11,9
10/1/2015 10:00,7.73,10.44,8.58,8.02,10.28,8.35,103.88,111.03,128.81,135.56,114.56,98.19,692.03,10
10/1/2015 11:00,7.2,10.46,8.54,7.81,10.39,7.95,178.44,189.69,158.06,184.56,161.25,145.25,1017.25,11
10/1/2015 12:00,6.67,10.19,7.92,6.87,10.04,7.49,230.06,192.81,196.19,237.56,179.94,207.44,1244,12
10/1/2015 13:00,6.43,9.75,7.59,6.41,9.65,7.3,218.12,181.88,206.88,216.75,188.5,217.62,1229.75,13
10/1/2015 14:00,6.2,9.48,7.33,6.19,9.44,7.05,146.88,138.12,147.75,137.56,147.38,154.31,872,14
10/1/2015 15:00,5.89,9.34,6.92,5.74,9.34,6.73,50.72,56.36,54.67,41.64,61.55,58.34,323.28,15
10/1/2015 16:00,5.11,9.02,6.11,4.6,9.05,6.03,1.38,2.7,1.99,0.34,3.52,2.61,12.54,16
11/1/2015 8:00,4.65,8.53,4.83,3.49,8.86,5.39,16.09,25.4,22.16,20.59,22.24,19.08,125.56,8
11/1/2015 9:00,5.19,8.83,5.28,4.09,9.15,5.89,48.38,109.25,74.31,84.34,105.09,76.03,497.4,9
11/1/2015 10:00,5.94,9.21,6.18,5.3,9.5,6.87,86.94,134.38,100.59,75.53,164.81,121.19,683.44,10
11/1/2015 11:00,6.61,9.55,7,5.93,9.74,7.6,173.44,234.81,212.19,88.53,261.5,228,1198.47,11
11/1/2015 12:00,7.47,9.79,7.98,6.42,9.9,8.24,150.75,276.75,241.81,113.69,280.5,207.12,1270.62,12
11/1/2015 13:00,7.69,9.93,8.46,6.99,9.97,8.29,108.34,201.38,157.75,89.16,200.75,126.41,883.79,13
11/1/2015 14:00,7.57,9.97,8.29,7.2,10.04,8.04,73.5,108.16,103.16,81.97,112.25,81.91,560.95,14
11/1/2015 15:00,7.33,10.02,8.01,7.18,10.1,7.9,27.83,44.27,36.84,32.25,37.73,26.75,205.67,15
11/1/2015 16:00,6.97,10.1,7.67,6.6,10.12,7.7,0.5,1.39,0.94,0.33,1.35,0.78,5.29,16
12/1/2015 8:00,9.63,11.57,10.23,9.05,11.62,10.29,2.49,3.42,3.16,3.17,1.96,1.65,15.85,8
12/1/2015 9:00,9.86,11.72,10.5,9.58,11.73,10.4,16.6,14.16,15.76,20.95,11.39,9.96,88.82,9
12/1/2015 10:00,9.97,11.85,10.64,9.89,11.8,10.46,41.05,35.08,37.5,56.7,31.91,23.2,225.44,10
12/1/2015 11:00,10.08,11.94,10.75,10.19,11.86,10.51,51.31,63.78,48.08,83.97,46.2,33.7,327.04,11
12/1/2015 12:00,10.2,12.02,10.84,10.38,11.93,10.6,38.22,55.03,40.08,66.41,48.81,27.99,276.54,12
12/1/2015 13:00,10.21,12.1,10.92,10.37,11.97,10.65,28.88,63.17,27.1,40.56,44.98,23.79,228.48,13
12/1/2015 14:00,10.05,12.08,10.93,10.09,11.9,10.64,18.98,23.94,16.09,21.38,15.3,16.89,112.58,14
12/1/2015 15:00,9.82,12.03,10.88,9.58,11.87,10.63,6.31,6.24,5.29,7.32,4.15,7.08,36.39,15
12/1/2015 16:00,9.71,12.02,10.95,9.1,11.91,10.71,0.16,0.09,0.18,0.06,0.18,0.32,0.99,16
13/01/2015 08:00:00,4.85,8.79,6.02,4.53,8.44,5.63,9.93,9,11.96,13.12,5.34,9.13,58.48,8
13/01/2015 09:00:00,5.09,8.41,5.87,4.82,8.16,5.53,48.97,38.19,53.62,60.12,33.06,50.45,284.41,9
13/01/2015 10:00:00,5.31,8.19,5.89,5.54,8.42,5.76,87.88,107.84,118.09,100.53,125.12,122.31,661.77,10
13/01/2015 11:00:00,5.36,8.52,6.17,5.83,8.91,6.28,120.44,166.31,163.94,132.12,175.69,134.88,893.38,11
13/01/2015 12:00:00,5.47,8.85,6.65,5.99,9.27,6.83,127.34,163,169.62,126.69,153.25,137.88,877.78,12
13/01/2015 13:00:00,5.87,9.37,7.24,5.74,9.55,7.23,104.62,165.38,128.5,103.81,161.38,96.84,760.53,13
13/01/2015 14:00:00,5.86,9.51,7.42,5.53,9.2,6.91,37.58,108.81,87.97,79.16,112.25,74.16,499.93,14
13/01/2015 15:00:00,5.39,8.95,6.82,5.24,8.45,6.07,27.41,46.36,42.09,11.15,43.33,40.59,210.93,15
13/01/2015 16:00:00,4.65,8.14,5.63,4.77,7.79,5.08,1.08,1.91,1.41,0.32,2.1,1.51,8.33,16
14/01/2015 08:00:00,3.39,7.78,4.28,2.08,7.98,4.86,13.14,18.91,16.4,13.2,17.2,15.18,94.03,8
14/01/2015 09:00:00,3.84,7.96,4.57,2.36,8.22,4.95,83.28,99.97,94.03,77.28,107.97,100.72,563.25,9
14/01/2015 10:00:00,4.65,8.27,5.29,3.04,8.49,5.6,186.19,196.81,197.25,183.31,198.88,184.88,1147.32,10
14/01/2015 11:00:00,5.56,8.65,6.18,4.14,8.82,6.28,220.56,237.88,233.19,255.38,181.62,168.5,1297.13,11
14/01/2015 12:00:00,5.97,9.03,6.74,5.21,9.16,6.57,157.25,181.19,184.19,264.62,129,127.31,1043.56,12
14/01/2015 13:00:00,5.94,9.44,7,5.88,9.49,6.77,88.59,101.06,105.09,139.56,78.75,72.91,585.96,13
14/01/2015 14:00:00,5.7,9.76,7.2,5.65,9.8,6.92,40.59,43.38,46.92,61.59,38.31,40.53,271.32,14
14/01/2015 15:00:00,5.69,10.07,7.52,5.16,10.37,7.36,17.05,15.43,15.9,14.65,16.56,15.48,95.07,15
14/01/2015 16:00:00,6.32,10.46,8.11,5.03,10.7,8,0.98,1.26,1.14,0.26,1.67,1.31,6.62,16
15/01/2015 08:00:00,5.63,9.75,6.57,5.3,9.61,6.62,14.06,21.24,17.75,16.45,19.14,13.9,102.54,8
15/01/2015 09:00:00,5.81,9.76,6.83,5.52,9.52,6.62,64.97,93.84,73.56,68.88,76.88,49.05,427.18,9
15/01/2015 10:00:00,5.92,9.64,6.99,5.99,9.06,6.3,83.22,131.69,86.94,119.34,124.97,71.28,617.44,10
15/01/2015 11:00:00,5.55,9.23,6.6,6.34,8.63,6.15,82.28,154.88,105.53,133.88,148.12,87.66,712.35,11
15/01/2015 12:00:00,5.35,8.71,6.38,6.22,8.58,6.2,114,202.5,140.81,94.03,228.25,165.31,944.9,12
15/01/2015 13:00:00,5.45,8.67,6.35,5.71,8.78,6.35,149.06,223.38,194.25,98.56,206.06,191.94,1063.25,13
15/01/2015 14:00:00,5.55,8.78,6.52,5.34,8.63,6.17,129.25,135.88,133.06,92.19,120.16,116.69,727.23,14
15/01/2015 15:00:00,5.14,8.53,6.05,5.21,8.41,5.7,45.16,50.78,45.88,44.03,49.3,42.98,278.13,15
15/01/2015 16:00:00,4.48,8.36,5.47,4.63,8.3,5.27,1.65,2.62,1.9,0.76,3.04,2.26,12.23,16
16/01/2015 08:00:00,3.05,7.83,4.3,1.84,8.07,4.85,21.55,15.13,18.6,20.76,18.14,20.6,114.78,8
16/01/2015 09:00:00,3.34,7.84,4.52,2.38,8.26,4.76,109.19,59.78,93.19,93.81,78.66,106.69,541.32,9
16/01/2015 10:00:00,4.83,8.07,5.47,4.04,8.56,5.75,201.62,111.53,175.12,184.31,151.19,198.75,1022.52,10
16/01/2015 11:00:00,5.73,8.28,6.25,4.98,8.73,6.51,246.56,162.12,239.25,249.12,213.25,238.25,1348.55,11
16/01/2015 12:00:00,5.99,8.44,6.76,5.75,8.69,6.67,198.94,209.88,242.31,262.88,219.31,182.25,1315.57,12
16/01/2015 13:00:00,5.55,8.45,6.71,6.04,8.35,6.06,122.88,189.5,168.31,198,157.94,120.81,957.44,13
16/01/2015 14:00:00,4.74,8.09,6.08,5.69,7.76,5.39,67.28,108.84,86.28,97.81,86.84,78.38,525.43,14
16/01/2015 15:00:00,4.08,7.44,5.26,4.72,7.42,4.99,38.44,32.64,37.61,33.42,46.48,54.5,243.09,15
16/01/2015 16:00:00,3.52,7.11,4.67,3.45,7.36,4.55,2.76,3.03,3.17,0.88,5.82,4.88,20.54,16
17/01/2015 08:00:00,3.47,7.61,4.07,2.28,7.64,4.43,8.68,14.59,12.56,10.67,9.79,9.78,66.07,8
17/01/2015 09:00:00,3.82,7.65,4.36,2.76,7.76,4.65,47.47,44.83,55.81,49.12,47.86,51.7,296.79,9
17/01/2015 10:00:00,4.44,7.84,4.93,3.44,7.94,5.09,133.81,93.84,106,122.06,121.16,113.84,690.71,10
17/01/2015 11:00:00,5.1,8.01,5.47,4.26,8.08,5.68,179.19,125.16,164.25,178.75,158.44,135.25,941.04,11
17/01/2015 12:00:00,5.37,8.07,5.85,4.9,8.15,6.02,157.56,135.06,151,199.44,131.44,124.12,898.62,12
17/01/2015 13:00:00,5.4,8.07,6.02,5.33,8.24,6.19,114.12,95.16,110.25,165.12,97.53,93.59,675.77,13
17/01/2015 14:00:00,5.28,8.13,6.05,5.36,8.25,6.16,67.28,67.31,70.69,88.47,64.41,63.45,421.61,14
17/01/2015 15:00:00,4.91,8.15,5.81,4.7,8.18,5.81,22.99,25.08,26.42,26.47,27.38,24.42,152.76,15
17/01/2015 16:00:00,4.21,8.09,5.22,3.56,8.11,5.25,1.17,1.98,1.65,0.6,2.39,1.67,9.46,16
18/01/2015 08:00:00,1.35,6.34,2.61,-0.33,6.52,2.73,24.21,25.04,26.4,24.28,24.22,18.82,142.97,8
18/01/2015 09:00:00,1.99,6.28,3.21,0.22,6.43,3.13,114.53,105.84,110,99.19,87.09,89.34,605.99,9
18/01/2015 10:00:00,3.35,6.26,3.94,1.2,6.43,3.74,190.44,181.5,202.94,209.25,159.81,173.75,1117.69,10
18/01/2015 11:00:00,3.92,6.4,4.51,2.4,6.54,4.38,259,241.88,254,269.12,246.5,217.12,1487.62,11
18/01/2015 12:00:00,4.35,6.59,4.94,3.43,6.66,4.8,262.75,277,266.62,280.38,280.88,228.75,1596.38,12
18/01/2015 13:00:00,4.62,6.73,5.17,4.05,6.76,4.97,241.62,254.38,242.81,246.69,260,215.31,1460.81,13
18/01/2015 14:00:00,4.69,6.81,5.25,4.32,6.92,5.08,173,187.31,181.38,169.31,197.06,167.62,1075.68,14
18/01/2015 15:00:00,4.36,6.88,5.09,4.01,7.08,4.97,69.16,89.31,84.16,61.73,96.97,76.78,478.11,15
18/01/2015 16:00:00,3.17,6.85,4.29,1.98,7.08,4.39,3.58,7.5,5.67,1.65,9.17,5.77,33.34,16
19/01/2015 08:00:00,-0.5,4.86,0.28,-1.84,5.14,0.35,34.12,34.97,32.69,31.88,42.5,37.22,213.38,8
19/01/2015 09:00:00,0.84,4.99,1.59,-0.61,5.31,1.38,133.81,132.31,123.78,115.03,158.06,144.75,807.74,9
19/01/2015 10:00:00,2.53,5.21,2.99,1.14,5.44,2.66,229.12,200.81,227.06,212.5,257,233.69,1360.18,10
19/01/2015 11:00:00,3.12,5.14,3.57,2.39,5.48,3.46,275.88,240.38,275.88,255.31,315.12,284.38,1646.95,11
19/01/2015 12:00:00,3.33,4.86,3.69,3.03,5.44,3.69,276.62,248.25,284.62,267.62,322.62,278.62,1678.35,12
19/01/2015 13:00:00,3.33,4.84,3.79,3.36,5.49,3.68,196.25,214.06,205.56,237.38,217.75,175.69,1246.69,13
19/01/2015 14:00:00,2.96,4.87,3.55,3.35,5.57,3.24,111.28,136.75,123.41,164.56,100.03,86.84,722.87,14
19/01/2015 15:00:00,2.39,4.91,3.03,2.7,5.65,2.76,43.45,53.3,48.59,63.33,37.33,33.75,279.75,15
19/01/2015 16:00:00,1.22,5.04,2.29,0.56,5.81,2.05,2.99,4.33,3.8,2.19,3.83,3.09,20.23,16
20/01/2015 08:00:00,2.05,7.01,3.76,-0.93,7.53,4.19,20.95,22.27,21.16,15.78,11.95,15.59,107.7,8
20/01/2015 09:00:00,2.64,7.21,4.25,-0.28,7.61,4.48,80.56,75.16,80.94,64.97,48.58,62.03,412.24,9
20/01/2015 10:00:00,3.6,7.37,5.12,0.55,7.68,4.9,124,106.19,121.38,160.25,71.94,91.69,675.45,10
20/01/2015 11:00:00,4.23,7.34,5.5,1.84,7.76,5.16,151.31,111.97,136.5,209.31,99.16,117.56,825.81,11
20/01/2015 12:00:00,4.57,7.3,5.55,2.92,8,5.43,144.88,106.22,132.44,202.12,63.2,97.56,746.42,12
20/01/2015 13:00:00,4.62,7.4,5.57,3.37,8.46,5.8,114.66,83.34,102.47,159.25,41.48,60.98,562.18,13
20/01/2015 14:00:00,4.51,7.75,5.59,3.36,8.77,6.14,60.7,45.95,53.16,100.94,75.62,45.67,382.04,14
20/01/2015 15:00:00,4.43,8.39,5.87,2.95,8.88,6.2,18.17,21.2,20.23,39.47,48.11,27.26,174.44,15
20/01/2015 16:00:00,4.53,8.71,6.18,2.12,8.67,6.1,0.72,3.56,1.77,1.41,4.69,2.82,14.97,16
21/01/2015 08:00:00,3.2,6.76,4.03,2.1,7.24,4.89,11.88,13.2,14.73,15.5,13.29,11.53,80.13,8
21/01/2015 09:00:00,3.58,6.96,4.47,3.03,7.5,5.13,48.3,51,57.52,52.53,59.23,51.67,320.25,9
21/01/2015 10:00:00,4.11,7.08,4.85,3.5,7.66,5.43,91.47,95.06,109.16,78.56,108.34,99.03,581.62,10
21/01/2015 11:00:00,4.46,7.09,5.2,3.84,7.73,5.72,123.19,116.75,146.44,82.94,171.69,154.88,795.89,11
21/01/2015 12:00:00,4.85,7.09,5.6,4.28,7.79,5.96,157.5,121.09,188.44,88.62,167.94,165.88,889.47,12
21/01/2015 13:00:00,5.31,7.14,5.94,4.67,7.81,6.02,132.75,117.97,172.69,88.5,193.44,160.56,865.91,13
21/01/2015 14:00:00,5.41,7.2,6.02,4.88,7.77,6.01,83.78,85.5,109.75,67.09,157.06,120.22,623.4,14
21/01/2015 15:00:00,5.26,7.21,5.86,4.69,7.73,5.93,35.55,38.55,42.59,29.34,82.72,61.64,290.39,15
21/01/2015 16:00:00,4.58,7.1,5.35,3.57,7.57,5.46,2.73,4.26,3.63,1.33,8.46,5.25,25.66,16
22/01/2015 07:00:00,1.46,6.71,3.49,-1.79,6.86,2.93,0,0.02,0.01,0.02,0,0,0.05,7
22/01/2015 08:00:00,1.2,6.78,3.43,-1.87,6.9,2.88,21.82,26.14,25.3,29.91,36.39,30.16,169.72,8
22/01/2015 09:00:00,1.42,6.95,3.88,-0.93,7.07,3.5,89.47,83.31,105.03,104.59,119.88,114.62,616.9,9
22/01/2015 10:00:00,2.25,7.22,4.62,0,7.24,4.58,161.88,163.88,213,170.56,190.75,196.25,1096.32,10
22/01/2015 11:00:00,2.93,7.35,5.14,1.66,7.15,5.05,197.44,196.62,261,224.94,227.75,235.44,1343.19,11
22/01/2015 12:00:00,3.89,7.23,5.42,2.78,7.01,5.27,256.88,177.44,253.44,237.31,212.56,225.31,1362.94,12
22/01/2015 13:00:00,4.51,7.13,5.58,3.3,6.95,5.39,227.31,161.19,220.69,187.25,195.38,250.06,1241.88,13
22/01/2015 14:00:00,4.63,7.08,5.58,3.34,6.93,5.54,166,120.09,180.25,132.19,146.69,188.25,933.47,14
22/01/2015 15:00:00,4.41,6.9,5.36,3.16,6.86,5.42,74.31,62.06,78.34,52.73,74.66,88.97,431.07,15
22/01/2015 16:00:00,3.29,6.69,4.42,2.03,6.68,4.57,6.26,6.81,7.31,2.92,8.95,9.11,41.36,16
23/01/2015 07:00:00,0.37,7.37,3.33,-2.2,7.64,3.25,0.01,0.09,0.03,0.06,0.02,0,0.21,7
23/01/2015 08:00:00,0.68,7.51,3.55,-2.14,7.89,3.43,42.03,30.24,36.05,33.66,34.06,42.78,218.82,8
23/01/2015 09:00:00,1.84,7.78,4.22,-0.67,8.28,4.05,156.81,158.44,161.38,134.69,162.75,160,934.07,9
23/01/2015 10:00:00,4.13,8.3,6.24,1.02,8.97,6.11,248.12,260.75,259.38,238.94,265.12,255.25,1527.56,10
23/01/2015 11:00:00,5.49,8.72,7.2,2.67,9.45,7.19,254.25,317.62,293.25,274.62,307.5,251.94,1699.18,11
23/01/2015 12:00:00,6.29,8.97,7.7,4.27,9.74,7.72,217.38,271.12,249.56,241.44,257,227.94,1464.44,12
23/01/2015 13:00:00,6.72,9.13,7.95,5.21,9.93,8.09,148.5,223.12,189.94,197.62,229.56,145.06,1133.8,13
23/01/2015 14:00:00,6.74,9.31,7.99,5.43,10.07,8.03,70.16,154.88,123.78,125.84,179.75,82.72,737.13,14
23/01/2015 15:00:00,6.62,9.49,7.84,4.96,10.17,7.87,21.81,84.06,55.27,30.12,77.5,28.91,297.67,15
23/01/2015 16:00:00,6.48,9.7,7.73,4.77,10.28,7.96,1.37,8,3.16,1.13,6.54,1.78,21.98,16
24/01/2015 07:00:00,2.9,7.44,3.89,0.58,7.76,4.02,0.04,0.21,0.11,0.15,0.07,0.02,0.6,7
24/01/2015 08:00:00,2.58,7.29,3.58,0.32,7.63,3.77,46.78,49.19,51.05,49.8,50.22,47.61,294.65,8
24/01/2015 09:00:00,3.5,7.42,4.18,1.81,7.76,4.33,158.5,176.12,167.38,159.19,169.44,162.62,993.25,9
24/01/2015 10:00:00,4.91,7.68,5.25,3.47,8.01,5.48,253.56,275.25,266.75,251.31,272.25,263.75,1582.87,10
24/01/2015 11:00:00,5.64,7.91,6.2,4.75,8.24,6.3,307.88,335,321.88,304.38,327.12,317.88,1914.14,11
24/01/2015 12:00:00,6.04,8.11,6.68,5.7,8.44,6.74,317.5,342.75,332.25,308.88,344.75,330.5,1976.63,12
24/01/2015 13:00:00,6.22,8.25,6.91,6.12,8.57,6.87,274.12,307.62,295.88,274.12,310.25,296.88,1758.87,13
24/01/2015 14:00:00,6.16,8.35,6.88,6.17,8.6,6.78,196.06,225.25,213.38,179.5,229.19,218.31,1261.69,14
24/01/2015 15:00:00,5.81,8.35,6.54,5.7,8.56,6.49,99.19,113.94,107.22,79.72,118.5,111.34,629.91,15
24/01/2015 16:00:00,4.56,8.1,5.53,3.85,8.32,5.56,10.28,14.54,12.45,5.6,16.8,14.27,73.94,16
25/01/2015 07:00:00,2.94,8.13,2.86,0.84,8.49,3.79,0.06,0.32,0.17,0.21,0.14,0.05,0.95,7
25/01/2015 08:00:00,3.49,8.3,3.13,2.07,8.65,4.29,30.26,57.94,49.88,32.78,50.45,36.62,257.93,8
25/01/2015 09:00:00,5.04,8.79,4.89,4.03,9.08,5.67,92.34,167.31,143.25,98.44,153.75,115.56,770.65,9
25/01/2015 10:00:00,6.42,9.31,6.79,5.43,9.54,7.29,105.72,255.69,203.5,156.81,248.12,153.5,1123.34,10
25/01/2015 11:00:00,7.04,9.56,7.74,6.52,9.79,7.92,78.19,285.5,181.38,182.81,251.56,104.31,1083.75,11
25/01/2015 12:00:00,7.09,9.67,8.06,7.21,9.89,7.86,58.59,209.06,102.91,113.47,98.62,64.34,646.99,12
25/01/2015 13:00:00,7.15,9.68,8.01,7.15,9.89,7.9,46.67,93.41,66.5,56.45,48.55,38.38,349.96,13
25/01/2015 14:00:00,7.18,9.69,7.95,6.81,9.9,7.91,27.99,33.27,39,41.12,26.25,23.07,190.7,14
25/01/2015 15:00:00,7.21,9.73,7.97,6.81,9.96,8.08,9.89,13.99,14.46,20.17,11.36,10.83,80.7,15
25/01/2015 16:00:00,7.44,9.86,8.05,6.72,10.07,8.29,1.17,1.47,1.59,1.35,1.44,1.54,8.56,16
26/01/2015 07:00:00,8.67,10.51,9.32,8.25,10.64,9.42,0.05,0.05,0.05,0.1,0.01,0.03,0.29,7
26/01/2015 08:00:00,7.97,10.53,9.13,7.85,10.74,8.98,32.67,18.8,34.28,32.48,30.94,32.25,181.42,8
26/01/2015 09:00:00,7.2,10.7,8.63,7.08,10.54,8.24,127.91,105.47,131.12,117.88,117.19,126.47,726.04,9
26/01/2015 10:00:00,7.14,10.22,8.11,6.88,9.96,8.04,209.06,217.12,218.62,204.31,191.25,217.44,1257.8,10
26/01/2015 11:00:00,7.18,9.67,8.11,7.22,9.7,7.99,274.5,288.38,284.38,267,287.12,275.12,1676.5,11
26/01/2015 12:00:00,7.3,9.55,7.99,7.64,9.6,7.75,260,308.38,298.5,230.69,330.12,314.75,1742.44,12
26/01/2015 13:00:00,7.36,9.37,7.93,7.68,9.37,7.75,198.06,238.88,207,131.62,256.62,234.69,1266.87,13
26/01/2015 14:00:00,7.2,9.13,7.73,7.22,9.16,7.61,122.78,153,133.88,75.88,182,156.56,824.1,14
26/01/2015 15:00:00,6.8,8.99,7.41,6.64,9.07,7.37,53.03,72.88,59.89,37.66,85.62,72.59,381.67,15
26/01/2015 16:00:00,6.19,8.87,6.88,5.96,9.01,6.91,7.82,8.18,7.19,3.69,12.08,10.91,49.87,16
27/01/2015 07:00:00,5.52,8.31,5.96,3.05,8.62,6.17,0.11,0.51,0.25,0.44,0.18,0.1,1.59,7
27/01/2015 08:00:00,5.47,8.39,5.85,2.77,8.59,6.01,23.33,33.88,28.76,40.22,30.27,24.16,180.62,8
27/01/2015 09:00:00,6.01,8.63,6.43,4.36,8.78,6.51,79.66,118.47,100.22,123.81,102.22,87.59,611.97,9
27/01/2015 10:00:00,6.77,8.97,7.25,5.92,9.01,7.29,140.25,229.31,179.12,201.81,204.94,151.69,1107.12,10
27/01/2015 11:00:00,7.25,9.18,7.86,6.84,9.17,7.73,249.19,301.5,287.5,256.12,250.19,233,1577.5,11
27/01/2015 12:00:00,7.72,9.28,8.35,7.35,9.23,8.05,283.62,325.75,322.5,235.94,314.5,278.25,1760.56,12
27/01/2015 13:00:00,7.96,9.34,8.59,7.54,9.34,8.12,232.44,300.12,286.5,248.31,304.25,266.25,1637.87,13
27/01/2015 14:00:00,7.71,9.39,8.53,7.63,9.39,8.02,138.5,201.19,178.31,104.78,192.06,188.31,1003.15,14
27/01/2015 15:00:00,7.17,9.38,8.08,7.07,9.35,7.77,51.11,109.19,72.59,36.75,89.25,53.67,412.56,15
27/01/2015 16:00:00,6.5,9.18,7.36,6.21,9.18,7.31,4.43,9.14,7.01,3.23,8.47,4.93,37.21,16
28/01/2015 07:00:00,9.38,11.07,9.86,8.62,10.95,9.86,0,0.55,0.07,0.03,0.03,0,0.68,7
28/01/2015 08:00:00,9.56,11.02,10.06,9.43,11.05,9.99,8.43,3.01,5.88,4.54,5.56,8.45,35.87,8
28/01/2015 09:00:00,8.12,11.09,9.56,9.3,10.9,8.58,52.66,41.34,45.31,40.44,49.48,42.11,271.34,9
28/01/2015 10:00:00,6.96,10.22,7.89,7.44,9.79,7.64,121.28,105.12,116.78,121.44,132.5,106.12,703.24,10
28/01/2015 11:00:00,6.55,9.67,7.62,6.47,9.81,7.43,168.69,179.19,191.38,231.81,196.19,138.44,1105.7,11
28/01/2015 12:00:00,5.32,9.62,7.14,5.66,9.44,6.43,257.88,201.62,235.31,228.38,213.19,233.88,1370.26,12
28/01/2015 13:00:00,4.82,8.61,5.96,4.73,8.37,5.69,259.62,196.19,216.69,278.88,201.5,217.81,1370.69,13
28/01/2015 14:00:00,5.1,7.9,5.76,4.92,8,5.73,157.25,122.25,149.56,200.25,109.25,137.19,875.75,14
28/01/2015 15:00:00,4.98,7.93,5.79,4.85,8.12,5.75,66.62,48.23,65.31,83.44,51.28,64.28,379.16,15
28/01/2015 16:00:00,4.51,7.92,5.39,4.21,8.09,5.41,9.87,11.08,11.27,6.44,13.21,12.99,64.86,16
29/01/2015 07:00:00,4.22,7.57,4.96,2.7,7.62,5.31,0.28,0.26,0.29,0.57,0.15,0.1,1.65,7
29/01/2015 08:00:00,4.21,7.45,5,2.82,7.46,5.25,25.38,13.6,22.97,30.78,13.54,14.59,120.86,8
29/01/2015 09:00:00,4.52,7.29,5.11,3.29,7.36,5.26,71.91,39.8,65,81.34,41.61,50.95,350.61,9
29/01/2015 10:00:00,4.91,7.28,5.38,3.96,7.41,5.44,120.16,75.44,114.72,106.03,74.44,104.09,594.88,10
29/01/2015 11:00:00,5.02,7.27,5.6,4.24,7.53,5.76,148.69,106.38,150.19,129.38,114.59,141.38,790.61,11
29/01/2015 12:00:00,5.05,7.32,5.83,4.16,7.75,5.97,177.31,118.94,164.12,154.31,122.28,156.31,893.27,12
29/01/2015 13:00:00,5.02,7.66,5.97,4.14,8.07,6.03,165.62,124.53,154.31,160.5,133.81,155.06,893.83,13
29/01/2015 14:00:00,4.49,7.86,5.71,3.81,8.07,5.65,105.62,114.16,128.44,118.06,129.25,113.75,709.28,14
29/01/2015 15:00:00,3.77,7.7,5.14,3.01,7.73,5.04,62.66,70.62,73.34,41.98,66.25,65.41,380.26,15
29/01/2015 16:00:00,2.95,7.08,4.25,2.15,7.18,4.23,6.45,11.04,8.94,4.34,12.6,9.74,53.11,16
30/01/2015 07:00:00,4.16,7.62,5.22,1.16,7.89,5.56,0.46,0.91,0.74,1.2,0.51,0.25,4.07,7
30/01/2015 08:00:00,4.1,7.73,5.15,0.65,7.88,5.45,25.53,46.41,35.95,41.7,30.52,20.05,200.16,8
30/01/2015 09:00:00,4.65,7.62,5.34,2.56,7.82,5.66,88.31,79.94,84.16,120.88,77.44,64.25,514.98,9
30/01/2015 10:00:00,5.37,7.76,6.03,3.96,8.17,6.18,170.12,154.31,212.31,221.81,179.5,181.5,1119.55,10
30/01/2015 11:00:00,5.86,8.19,6.69,5.47,8.37,6.57,224.5,277.38,285,238.69,260.62,215.94,1502.13,11
30/01/2015 12:00:00,6.1,8.32,6.95,6.09,8.31,6.59,213.25,301.25,291.88,215,271.25,220.25,1512.88,12
30/01/2015 13:00:00,6.01,8.27,6.95,6.14,8.13,6.44,202.88,196.25,195.44,167.12,253.88,204.56,1220.13,13
30/01/2015 14:00:00,5.91,8.05,6.67,5.88,7.96,6.21,189.88,163,167.31,134.62,209.44,166.31,1030.56,14
30/01/2015 15:00:00,5.69,7.85,6.39,5.51,7.83,5.97,91.72,112.41,104.16,76.03,112.28,81.81,578.41,15
30/01/2015 16:00:00,4.92,7.56,5.7,4.56,7.64,5.51,11.16,18.77,13.36,7.66,19.62,12.84,83.41,16
31/01/2015 07:00:00,3.29,6.2,3.63,2.62,6.52,3.96,0.39,1.26,0.84,0.53,0.73,0.38,4.13,7
31/01/2015 08:00:00,3.47,6.26,3.87,2.81,6.55,4.14,27.58,37.62,36.52,21.01,37.05,28.79,188.57,8
31/01/2015 09:00:00,3.66,6.42,4.27,3.13,6.61,4.27,86.78,112.22,133.06,55.44,111.47,97.66,596.63,9
31/01/2015 10:00:00,3.99,6.52,4.64,3.78,6.69,4.48,159.38,199,217.19,129,194.75,163.31,1062.63,10
31/01/2015 11:00:00,4.46,6.62,5.09,4.79,6.78,4.75,208.69,254.94,257.38,247.81,248.69,203.12,1420.63,11
31/01/2015 12:00:00,4.75,6.75,5.41,5.54,6.86,4.95,212.19,284.25,282.62,282.62,263,229.06,1553.74,12
31/01/2015 13:00:00,4.7,6.92,5.55,5.66,6.98,5.01,145.62,257.62,242.19,238.5,234.81,190.81,1309.55,13
31/01/2015 14:00:00,4.11,6.94,5.28,5.43,6.95,4.82,81.88,175.62,140.88,176,157.06,115.75,847.19,14
31/01/2015 15:00:00,3.72,6.81,4.53,5.05,6.73,4.34,35.23,81.5,50.98,89.12,66.06,43.39,366.28,15
31/01/2015 16:00:00,4.06,6.18,4.2,4.3,6.45,4.34,8.66,7.21,7.26,10.22,6.89,8.73,48.97,16
1/2/2015 7:00,2.19,5.57,2.93,1.33,5.9,2.95,1.43,2.13,1.82,2.07,1.32,1.14,9.91,7
1/2/2015 8:00,2.09,5.59,2.88,1.25,5.88,2.88,68.34,69.75,71.19,67.47,61.06,63.64,401.45,8
1/2/2015 9:00,2.56,5.67,3.29,1.85,5.94,3.25,186.06,182,189.06,176.75,172.31,179,1085.18,9
1/2/2015 10:00,3.19,5.82,3.91,2.81,6.04,3.75,280.75,276.25,284,267.75,270.12,274.5,1653.37,10
1/2/2015 11:00,3.69,5.99,4.37,3.63,6.14,4.14,336.38,337.5,341.38,317.5,331,329.88,1993.64,11
1/2/2015 12:00,4.06,6.13,4.71,4.18,6.2,4.37,340.75,334.62,341.12,316,326.5,330.75,1989.74,12
1/2/2015 13:00,4.13,6.15,4.8,4.36,6.2,4.36,304,285.62,296.12,272.25,279.5,288.38,1725.87,13
1/2/2015 14:00,4.02,6.11,4.65,4.24,6.19,4.23,225.31,202.19,218,203.12,197.94,211.56,1258.12,14
1/2/2015 15:00,3.63,5.98,4.32,3.84,6.04,3.91,123.06,105.62,118.59,107.31,111.41,117.38,683.37,15
1/2/2015 16:00,2.91,5.83,3.74,2.79,5.94,3.46,21.84,20.91,22.31,14.7,24.98,24.31,129.05,16
2/2/2015 7:00,0.83,4.82,1.64,-0.96,5.11,1.79,0.91,1.55,1.16,1.36,1.56,0.86,7.4,7
2/2/2015 8:00,0.79,4.97,1.69,-0.56,5.24,1.78,34.22,39.53,35.3,28.34,37.91,28.84,204.14,8
2/2/2015 9:00,1.61,5.16,2.26,0.59,5.45,2.19,84.94,95.66,94.47,69.56,75.69,69.22,489.54,9
2/2/2015 10:00,2.77,5.41,3.4,1.6,5.68,2.93,114.62,123.03,140,106.91,103.28,99.28,687.12,10
2/2/2015 11:00,3.14,5.59,3.99,2.3,5.9,3.28,116.94,146.06,157.5,131,124.31,120.72,796.53,11
2/2/2015 12:00,2.89,5.74,4.08,2.69,6,3.33,99.19,129.12,123.59,133.38,108.62,119.41,713.31,12
2/2/2015 13:00,2.45,5.73,3.78,2.69,5.93,3.19,89.59,84.09,109.53,107.28,84.53,104.25,579.27,13
2/2/2015 14:00,2.12,5.54,3.43,2.34,5.63,2.94,68.84,50.55,74.06,72.09,56.5,68.78,390.82,14
2/2/2015 15:00,1.75,5.26,2.95,1.58,5.35,2.6,33.25,24.76,30.24,33.89,30.53,32.36,185.03,15
2/2/2015 16:00,1.06,5.01,2.24,0.47,5.03,2.11,5.38,5.05,5.76,4.77,6.93,6.43,34.32,16
3/2/2015 7:00,-0.07,4.1,0.93,-1.39,4.41,0.87,1.5,0.83,1.15,2.05,1.19,1.27,7.99,7
3/2/2015 8:00,-0.08,3.9,0.95,-1.22,4.36,0.99,48.16,19.57,33.81,44.08,22.48,36.84,204.94,8
3/2/2015 9:00,0.59,3.99,1.26,-0.87,4.27,1.42,151.56,63.55,122.56,118.47,61.88,118.06,636.08,9
3/2/2015 10:00,1.38,4.19,1.88,0.27,4.41,2.08,270.62,125.09,218.5,249.81,135.62,228.31,1227.95,10
3/2/2015 11:00,2.22,4.37,2.55,1.55,4.68,2.76,332.25,181.44,283.88,324.88,210,303.38,1635.83,11
3/2/2015 12:00,2.82,4.59,3.06,2.56,4.89,3.31,303.5,203.44,297.75,324.12,236.31,310.38,1675.5,12
3/2/2015 13:00,3.05,4.85,3.47,3.1,5.09,3.62,274.12,197.94,272.12,285,224.06,270,1523.24,13
3/2/2015 14:00,3.16,4.99,3.6,3.32,5.23,3.61,208.44,162.12,205.44,199.19,182.12,206.81,1164.12,14
3/2/2015 15:00,3.02,5.02,3.5,3.07,5.26,3.4,113.12,94.66,118.59,101.25,111.66,121.19,660.47,15
3/2/2015 16:00,2.42,5.03,3.08,2.04,5.18,2.9,23.06,19.8,24.62,16.8,26.8,27.55,138.63,16
4/2/2015 7:00,-0.25,4.14,0.26,-1.18,4.38,0.73,2.5,5.22,3.59,2.55,4.04,2.68,20.58,7
4/2/2015 8:00,0.1,4.04,0.7,-0.8,4.24,0.75,61.61,93.91,72.91,61.7,90.25,71.66,452.04,8
4/2/2015 9:00,1.26,4.25,1.53,-0.06,4.42,1.55,161.56,207.38,189.44,154.44,205.5,177.62,1095.94,9
4/2/2015 10:00,2.06,4.43,2.38,1.2,4.63,2.5,247.56,286.5,262.5,248.56,282.75,270.5,1598.37,10
4/2/2015 11:00,2.72,4.73,3.09,2.39,5,3.25,319.38,309.25,304.88,316.38,309.75,315,1874.64,11
4/2/2015 12:00,3.28,5.11,3.65,3.35,5.42,3.74,340,301.12,321.12,352.38,306.75,329.25,1950.62,12
4/2/2015 13:00,3.67,5.37,4.04,3.92,5.63,4.02,318.62,271.25,296.5,320.38,261.75,301.25,1769.75,13
4/2/2015 14:00,3.87,5.58,4.26,4.04,5.7,4.08,258.75,212.5,238,236.38,215.69,248.69,1410.01,14
4/2/2015 15:00,3.76,5.64,4.23,3.66,5.84,4.05,152,128.12,143.62,125.41,138.44,152.25,839.84,15
4/2/2015 16:00,2.75,5.79,3.75,2.4,5.98,3.49,32.91,32.3,33.94,20.56,37.62,38.47,195.8,16
5/2/2015 7:00,1.08,5.72,1.77,-0.28,5.85,2.11,2.97,5.39,4.08,4.1,4.7,3.37,24.61,7
5/2/2015 8:00,1.59,6.07,2.52,0.12,6.1,2.66,60.48,68.75,65.84,67.97,83.78,69.41,416.23,8
5/2/2015 9:00,3.08,6.5,3.74,1.36,6.63,3.85,172.25,154.81,168.75,157.19,178.69,175.56,1007.25,9
5/2/2015 10:00,4.12,6.69,4.61,2.48,6.82,4.71,285.75,236.88,265.25,220.62,265.75,290.12,1564.37,10
5/2/2015 11:00,4.86,6.77,5.32,3.57,6.97,5.48,343.5,281.12,307.88,250.5,326,351.25,1860.25,11
5/2/2015 12:00,5.24,6.89,5.7,4.19,7.13,5.8,352,286.62,319.75,232.5,335.25,375.5,1901.62,12
5/2/2015 13:00,5.41,7.08,5.93,4.5,7.28,6,318.75,258.88,284.5,179.06,310.75,342.25,1694.19,13
5/2/2015 14:00,5.37,7.21,5.92,4.36,7.49,6.04,214.06,167.81,190.06,110.31,239.19,261.25,1182.68,14
5/2/2015 15:00,4.98,7.1,5.56,3.89,7.6,5.8,101.78,79.84,91.34,59.98,117.47,129.25,579.66,15
5/2/2015 16:00,4.27,6.86,5.03,3.18,7.51,5.25,23.36,19.46,21.05,10.39,25.98,29.62,129.86,16
6/2/2015 7:00,-1.33,4.11,0.01,-2.62,3.88,-0.03,4.95,5.83,5.66,6.8,5.41,4.05,32.7,7
6/2/2015 8:00,-1.37,4.32,0.12,-2.46,4.05,0.04,85.03,87.19,95.78,93.81,83.81,81.34,526.96,8
6/2/2015 9:00,-0.2,4.51,0.77,-1.14,4.32,0.66,215.5,193,219.75,219.5,187.19,218.81,1253.75,9
6/2/2015 10:00,0.74,4.65,1.54,0.58,4.5,1.42,304.62,275.5,309.12,316.25,282.12,318,1805.61,10
6/2/2015 11:00,1.8,4.77,2.28,2.28,4.69,2.09,362.25,334.88,374.12,359.62,340.88,372.88,2144.63,11
6/2/2015 12:00,2.58,4.97,3.03,3.05,4.87,2.65,383.25,342.5,398.62,375.75,359.25,389.38,2248.75,12
6/2/2015 13:00,3.01,5.22,3.53,3.5,5.12,3.15,353.25,309.5,365.5,344.25,331.5,364.12,2068.12,13
6/2/2015 14:00,3.19,5.46,3.74,3.59,5.43,3.43,276.75,283,283.12,260.62,252.94,288.12,1644.55,14
6/2/2015 15:00,3.06,5.62,3.68,3.28,5.59,3.36,161.5,165.19,164.75,144.94,148.06,169.5,953.94,15
6/2/2015 16:00,2.5,5.85,3.33,2.36,5.73,3.04,38.33,42.91,41.12,28.59,41.41,45.27,237.63,16
7/2/2015 7:00,-0.28,5.22,0.71,-0.79,5.11,0.75,5.29,8.54,6.65,5.01,6.93,4.88,37.3,7
7/2/2015 8:00,-0.02,5.21,1.09,-0.11,5.13,1.01,78.34,110.31,98.28,61.44,105.5,80,533.87,8
7/2/2015 9:00,1.29,5.42,1.99,1.14,5.38,1.94,176.81,241.06,208.38,156.94,237,184.88,1205.07,9
7/2/2015 10:00,2.46,5.71,3.16,2.41,5.68,3.05,276.62,345.12,333.75,258.62,342.5,324,1880.61,10
7/2/2015 11:00,3.48,6.1,4.2,3.64,6.11,4.08,333.62,406.25,391.5,309,405.62,390.12,2236.11,11
7/2/2015 12:00,4.22,6.42,4.9,4.21,6.54,4.84,386.12,418.25,394.5,315,418.88,406.12,2338.87,12
7/2/2015 13:00,4.79,6.69,5.38,4.56,6.86,5.33,328.88,379.62,367.5,275,383,371.38,2105.38,13
7/2/2015 14:00,4.95,6.87,5.59,4.69,7.11,5.53,247,295.38,264.12,212.62,300.88,290.88,1610.88,14
7/2/2015 15:00,4.76,6.95,5.49,4.54,7.26,5.45,140.44,174.44,151.88,111,183.38,166.75,927.89,15
7/2/2015 16:00,4.06,6.94,5,3.72,7.21,4.92,31.84,42.61,36.83,20.77,51.91,40.75,224.71,16
7/2/2015 17:00,2.44,6.81,4.12,2.1,6.95,4.05,0,0,0,0,0.01,0,0.01,17
8/2/2015 7:00,0.53,5.93,1.27,-0.57,5.59,1.3,5.58,8.26,6.99,6.47,7.3,5.57,40.17,7
8/2/2015 8:00,0.81,6.11,1.56,-0.35,5.84,1.58,77.5,103.59,86.56,71.41,98.97,81,519.03,8
8/2/2015 9:00,1.82,6.48,2.78,0.79,6.37,2.71,181.88,242.44,208.19,177.06,239.25,202.38,1251.2,9
8/2/2015 10:00,3.13,6.72,3.99,2.47,6.82,4.02,291,346.12,337.38,323.5,348,341.75,1987.75,10
8/2/2015 11:00,4.59,6.93,5.29,4.45,7.1,5.32,390.75,411.62,405.75,379.62,411.75,405.12,2404.61,11
8/2/2015 12:00,5.91,7.11,6.19,5.66,7.36,6.43,408,425.75,417,396.25,425.75,418.25,2491,12
8/2/2015 13:00,6.67,7.24,6.77,6.46,7.54,7.12,369.12,388.88,380.25,353.25,390.88,383.25,2265.63,13
8/2/2015 14:00,7.02,7.38,7.16,6.8,7.75,7.47,286.38,301.5,291.75,270.12,308.25,300.12,1758.12,14
8/2/2015 15:00,6.93,7.55,7.25,6.67,8,7.5,171.44,178.19,174.81,154.31,187.31,182.69,1048.75,15
8/2/2015 16:00,5.95,7.63,6.7,5.07,8.13,6.89,44.75,50.86,48.3,33.22,56.53,53.31,286.97,16
8/2/2015 17:00,3.11,7.43,4.52,1.98,7.96,4.69,0,0,0,0,0.04,0.02,0.06,17
9/2/2015 7:00,2.89,5.65,3.68,1.49,6.62,3.97,3.42,4.73,3.8,6.25,6.29,4.28,28.77,7
9/2/2015 8:00,2.73,5.51,3.58,1.51,6.36,3.81,46.42,47.28,42.02,58.31,73.06,56.05,323.14,8
9/2/2015 9:00,3.34,5.49,3.67,2.5,6.42,3.98,115.59,106.09,102.97,131.19,164.56,134.75,755.15,9
9/2/2015 10:00,3.73,5.47,3.9,2.99,6.43,4.21,189.44,161.69,166.69,205.69,264.88,216.75,1205.14,10
9/2/2015 11:00,4.35,5.59,4.4,3.79,6.57,4.72,240.56,212.94,220.25,275.88,376.62,290.62,1616.87,11
9/2/2015 12:00,5.03,5.78,5.01,5.24,6.82,5.34,277.5,236.75,253.31,352.25,424,318.62,1862.43,12
9/2/2015 13:00,5.69,6.02,5.72,6.53,7.07,6.02,288.38,226.69,289,327.75,385.88,357.12,1874.82,13
9/2/2015 14:00,6.22,6.36,6.53,7.18,7.38,6.83,251.25,195.06,268,271,304.5,294.5,1584.31,14
9/2/2015 15:00,6.41,6.81,6.9,7.33,7.66,7.05,164.12,145.81,173,155,191.44,184.31,1013.68,15
9/2/2015 16:00,5.96,7.18,6.6,6.1,7.72,6.69,45.23,50,51.41,35.09,59.52,56.5,297.75,16
9/2/2015 17:00,3.62,7.08,4.46,3.11,7.45,4.56,0,0.03,0.01,0,0.12,0.06,0.22,17
10/2/2015 7:00,0.87,6.97,3.43,1.28,7.26,2.78,4.02,6.67,4.33,4.92,6.35,4.58,30.87,7
10/2/2015 8:00,1.08,7.11,3.9,1.27,7.38,3.34,48.5,60.77,40.42,40.44,50.06,45.14,285.33,8
10/2/2015 9:00,1.78,7.32,4.74,1.6,7.65,4.39,99.5,126.38,84.34,78.25,126.84,93.34,608.65,9
10/2/2015 10:00,2.7,7.27,5.42,2.33,7.67,5.32,123.19,199.12,141.06,162.94,179.31,142.69,948.31,10
10/2/2015 11:00,3.57,7.11,5.94,4.15,7.58,5.95,160.38,218.56,198.5,203.12,256.38,187.44,1224.38,11
10/2/2015 12:00,4.47,6.86,6.27,4.73,7.46,6.34,207.94,225.62,249.19,204.69,257.12,228.06,1372.62,12
10/2/2015 13:00,5.26,6.67,6.46,4.96,7.23,6.53,291.75,231.62,295.75,184,256.25,295.62,1554.99,13
10/2/2015 14:00,5.95,6.65,6.56,5.05,6.97,6.67,242.69,220.88,235.25,140.19,213.38,245.62,1298.01,14
10/2/2015 15:00,5.82,6.85,6.38,4.97,6.88,6.47,116.75,135.06,153.69,82.25,148.88,156.06,792.69,15
10/2/2015 16:00,5.29,6.97,5.99,4.67,6.92,6,32.45,38.73,32.89,20.44,37.7,35.55,197.76,16
10/2/2015 17:00,3.84,7.05,5.29,3.14,7,5.3,0.01,0.05,0.02,0,0.15,0.08,0.31,17
11/2/2015 7:00,2.32,6.13,3.5,0.61,6.44,3.49,6.89,8.62,7.27,8.39,6.16,5.83,43.16,7
11/2/2015 8:00,2.48,6.15,3.76,1.08,6.45,3.67,70.22,76.59,68.03,74.25,67.81,65.16,422.06,8
11/2/2015 9:00,4.09,6.41,4.88,3.09,6.62,4.65,150.94,160.94,147.69,169.31,148.75,142.44,920.07,9
11/2/2015 10:00,4.88,6.66,5.46,4.23,6.84,5.27,230.56,225.75,209.25,234.25,214.06,207.31,1321.18,10
11/2/2015 11:00,5.38,6.84,5.81,5.31,6.99,5.69,296.25,274.62,245.56,263.62,253.5,234.5,1568.05,11
11/2/2015 12:00,5.83,7,6.12,5.75,7.14,5.98,349.75,284.12,291.25,257.25,282.75,247.38,1712.5,12
11/2/2015 13:00,6.28,7.1,6.41,6.03,7.27,6.2,337.25,267.88,275.75,251.56,264.38,225.94,1622.76,13
11/2/2015 14:00,6.52,7.19,6.53,6.19,7.34,6.27,268.12,229.62,222.81,187.25,201.06,168.31,1277.17,14
11/2/2015 15:00,6.43,7.26,6.45,5.98,7.37,6.18,127.25,150.94,120.28,94.75,122.59,100.5,716.31,15
11/2/2015 16:00,5.87,7.18,6.06,5.29,7.28,5.87,31.81,47.7,31.82,21.38,40.14,31.82,204.67,16
11/2/2015 17:00,4.57,7,5.17,4.05,7.11,5.09,0.03,0.16,0.06,0,0.3,0.16,0.71,17
12/2/2015 7:00,2.04,6.34,3.36,1.03,7.14,3.46,7.67,7.59,7.46,9.64,5.17,6.47,44,7
12/2/2015 8:00,2.16,6.35,3.45,1.18,7.15,3.61,73.47,60.66,67.34,73.59,49.2,67.16,391.42,8
12/2/2015 9:00,3.6,6.57,4.61,2.99,7.28,4.79,165.19,138.44,152.75,159.44,117.06,160.25,893.13,9
12/2/2015 10:00,4.38,6.76,5.13,4.12,7.43,5.48,235.25,196.31,220.88,234.12,172.56,237,1296.12,10
12/2/2015 11:00,4.85,6.93,5.52,4.66,7.57,6.04,262.75,272.5,251.56,257.38,199.5,262.12,1505.81,11
12/2/2015 12:00,5.19,7.1,5.78,4.96,7.7,6.31,265.25,236.62,241.19,260.75,201.94,220.06,1425.81,12
12/2/2015 13:00,5.42,7.17,5.9,5.19,7.86,6.35,293.25,215.94,230.62,235.12,190.94,224.62,1390.49,13
12/2/2015 14:00,5.7,7.33,6.01,5.31,8.02,6.44,241.56,151.81,214.94,170.69,145.38,154.25,1078.63,14
12/2/2015 15:00,5.62,7.44,6.1,5.18,8.19,6.37,119.75,83.5,100.69,102.88,85.34,102.44,594.6,15
12/2/2015 16:00,5.23,7.52,5.86,4.71,8.31,6.16,33.88,28.81,26.82,27.31,27.97,28.98,173.77,16
12/2/2015 17:00,4.34,7.6,5.44,3.06,8.45,5.77,0.08,0.2,0.09,0,0.27,0.19,0.83,17
13/02/2015 07:00:00,6.11,9.17,7.31,5.82,8.98,7.13,3.1,3.94,3.32,6.91,1.89,2.07,21.23,7
13/02/2015 08:00:00,6.37,8.62,7.31,5.96,8.67,6.84,26.83,19.13,24.38,38.33,16.74,22.69,148.1,8
13/02/2015 09:00:00,6.33,8.46,6.92,6.49,9.6,7.2,49.92,38.09,44.12,76.16,111.59,68.06,387.94,9
13/02/2015 10:00:00,6.3,9.5,7.42,6.99,9.87,7.9,72.97,117.19,102.84,120.5,288.62,183.31,885.43,10
13/02/2015 11:00:00,7.02,9.87,8.36,7.02,9.86,8.48,180.19,214,297.38,99.09,308.75,274.5,1373.91,11
13/02/2015 12:00:00,8.12,9.89,9.04,6.83,9.77,8.72,282.88,203.88,302.62,50.38,256.88,229.25,1325.89,12
13/02/2015 13:00:00,8.51,9.75,9.08,7.07,9.7,8.62,218.81,125.28,186.5,133.12,115.94,88.06,867.71,13
13/02/2015 14:00:00,8.18,9.58,8.67,8.2,9.55,8.15,102.5,95.5,129.19,217.06,107.09,97.72,749.06,14
13/02/2015 15:00:00,7.61,9.49,8.31,8.62,9.45,8,73.78,65.47,71.44,135.75,89.53,89.59,525.56,15
13/02/2015 16:00:00,7.24,9.49,7.97,7.76,9.44,7.81,31.09,28.76,35.5,23.02,41.17,45.23,204.77,16
13/02/2015 17:00:00,6.46,9.31,7.36,6.39,8.76,7.21,0.16,0.18,0.25,0,0.34,0.46,1.39,17
14/02/2015 07:00:00,4.67,7.69,5.56,4.22,8.58,6.32,6.46,11,7.28,5.44,11.83,8.48,50.49,7
14/02/2015 08:00:00,4.68,7.57,5.5,4.3,8.53,6.3,61.11,90.56,60.12,43.94,113.31,72.06,441.1,8
14/02/2015 09:00:00,5.13,7.32,5.67,4.77,8.61,6.62,164.44,191.56,145.62,99.47,238.88,178.25,1018.22,9
14/02/2015 10:00:00,5.51,7.17,5.76,5.21,8.57,6.77,272.88,282.62,253.44,157.88,345,318.88,1630.7,10
14/02/2015 11:00:00,6.07,7.13,6.3,5.93,8.57,7.14,297.62,413.75,332.25,220.25,411.88,380.38,2056.13,11
14/02/2015 12:00:00,6.51,7.33,6.83,6.63,8.58,7.51,362.88,430.62,400.62,263.5,432.38,406.62,2296.62,12
14/02/2015 13:00:00,7.11,7.66,7.44,7.27,8.67,7.86,359.75,396.88,387.62,331.75,403.12,386.12,2265.24,13
14/02/2015 14:00:00,7.48,7.96,7.83,7.89,8.79,8.07,286.62,315.25,307.75,272.88,320.12,304.38,1807,14
14/02/2015 15:00:00,7.45,8.18,7.88,7.92,8.87,8.02,172.38,199.06,183.44,143.38,189.88,152.56,1040.7,15
14/02/2015 16:00:00,7.06,8.25,7.59,7.26,8.91,7.69,37.27,67.12,48.77,38.34,60.69,45.94,298.13,16
14/02/2015 17:00:00,5.71,8.05,6.31,5.03,8.77,6.72,0.25,0.74,0.41,0.02,1.06,0.7,3.18,17
15/02/2015 07:00:00,3.01,6.88,3.71,4.06,7.15,3.66,5.39,13.7,7.04,6.96,16.94,9.05,59.08,7
15/02/2015 08:00:00,3.3,6.86,4.05,4.24,7.22,3.57,40.48,85.28,46.14,48.88,109.09,60.34,390.21,8
15/02/2015 09:00:00,3.81,6.8,4.37,4.77,7.25,3.92,92.41,169.56,98.97,118.94,197.31,115.47,792.66,9
15/02/2015 10:00:00,4.4,6.79,4.8,5.45,7.18,4.43,151,244.19,151.5,180.5,269.25,167.94,1164.38,10
15/02/2015 11:00:00,5.24,6.88,5.41,6.16,7.23,5.38,233.31,290.12,216.69,208,315.5,295.75,1559.37,11
15/02/2015 12:00:00,6.12,6.99,6.08,6.58,7.36,6.74,286.25,308.12,239.44,243.69,330,353.25,1760.75,12
15/02/2015 13:00:00,6.7,7.14,6.46,7.22,7.51,7.39,285.12,310,247.62,223.25,308.75,336.12,1710.86,13
15/02/2015 14:00:00,7.25,7.35,6.86,7.83,7.68,7.57,294.88,293.5,297.88,229.94,290.5,277.62,1684.32,14
15/02/2015 15:00:00,7.55,7.64,7.2,7.94,7.97,7.51,156.5,175.19,163.44,128.5,176.94,169.19,969.76,15
15/02/2015 16:00:00,7.06,7.77,6.87,7.32,8.1,7.07,55.42,71.59,65.22,27.21,70.16,65.22,354.82,16
15/02/2015 17:00:00,5.25,7.69,5.42,5.93,8.03,5.69,0.55,1.15,0.84,0.04,1.35,1.05,4.98,17
16/02/2015 07:00:00,6.59,9.14,7.52,5.23,9.84,7.91,2.89,2.15,3.2,5.78,4.58,3.42,22.02,7
16/02/2015 08:00:00,6.8,9.47,7.73,5.67,9.56,7.64,19.77,15.02,18.06,30.12,32.83,34.06,149.86,8
16/02/2015 09:00:00,6.97,9.55,7.85,6.2,9.18,7.28,87.09,51.12,66.28,40.81,108.66,148.12,502.08,9
16/02/2015 10:00:00,7.06,9.37,7.79,6.63,8.9,7.34,250.81,148.44,186.19,63.98,298.62,277.12,1225.16,10
16/02/2015 11:00:00,7.5,9.07,7.91,7.06,8.88,7.6,358.62,302.38,342.62,148.69,402.12,389.38,1943.81,11
16/02/2015 12:00:00,7.76,8.96,8.17,7.72,8.98,7.98,365.62,357.25,370.88,211.62,411.38,390.88,2107.63,12
16/02/2015 13:00:00,7.79,9.02,8.33,8.15,9.05,8,365,347.75,373.25,199.94,373.88,362,2021.82,13
16/02/2015 14:00:00,7.72,9.08,8.34,8.22,9.03,7.84,299.75,308.5,303.75,162.81,305.88,294.75,1675.44,14
16/02/2015 15:00:00,7.36,9.08,8.06,7.99,8.86,7.5,191.69,201.81,198.38,142.81,188.06,187.38,1110.13,15
16/02/2015 16:00:00,6.68,8.94,7.46,7.34,8.57,6.92,64.47,75.88,72.25,44.11,72.19,68.12,397.02,16
16/02/2015 17:00:00,5.48,8.56,6.36,5.64,8.17,6.07,0.82,1.56,1.21,0.16,1.99,1.56,7.3,17
17/02/2015 07:00:00,0.74,6.36,1.94,-1.02,6.86,2.27,24.42,28.21,26.35,25.41,24.62,22.95,151.96,7
17/02/2015 08:00:00,1.52,6.51,2.56,0.12,6.97,2.77,150.5,160.12,155.69,147.81,153.75,149.38,917.25,8
17/02/2015 09:00:00,4.08,6.97,4.57,2.72,7.4,4.88,286.25,299.25,293.38,286.38,293.62,287.75,1746.63,9
17/02/2015 10:00:00,5.38,7.22,5.83,4.75,7.59,6.01,392.62,408.12,401.12,389.5,403.62,396.88,2391.86,10
17/02/2015 11:00:00,6.08,7.38,6.49,6.23,7.7,6.58,455.5,472.88,465.12,447.88,469.75,462.25,2773.38,11
17/02/2015 12:00:00,6.66,7.55,7.06,7.03,7.83,7.06,468.12,487.38,478.5,451.75,485.12,476.75,2847.62,12
17/02/2015 13:00:00,6.98,7.75,7.43,7.42,8,7.34,427.5,448,439,412.75,447.38,438.38,2613.01,13
17/02/2015 14:00:00,7,7.93,7.56,7.44,8.14,7.39,341.38,359.88,351.62,327.38,361.25,353.25,2094.76,14
17/02/2015 15:00:00,6.71,8.05,7.42,7.12,8.2,7.17,219.81,233.25,226.81,202.94,236.81,230.12,1349.74,15
17/02/2015 16:00:00,6.09,8.02,6.88,6.24,8.14,6.64,79.28,88.56,85.06,63,93.5,89.75,499.15,16
17/02/2015 17:00:00,4.06,7.77,5.14,3.3,7.87,5.2,1.61,2.35,1.95,0.35,3.27,2.78,12.31,17
18/02/2015 07:00:00,3.2,7.53,4.56,1.95,8.2,5.25,15.37,13.24,11.97,22.55,12.94,9.86,85.93,7
18/02/2015 08:00:00,4.27,7.77,5.21,2.9,8.41,5.75,79,75.44,65.31,101.84,78.31,58.14,458.04,8
18/02/2015 09:00:00,5.41,8.12,6.37,4.49,8.69,6.57,135.25,150.19,126.5,190.12,132.75,112.25,847.06,9
18/02/2015 10:00:00,6.34,8.4,7.13,6.13,8.89,7.23,208.5,264.62,203.31,258,219.44,191.25,1345.12,10
18/02/2015 11:00:00,7.34,8.66,7.79,7.32,9.11,7.97,337.62,346.75,265.5,279.88,292.5,256.25,1778.5,11
18/02/2015 12:00:00,8.27,8.89,8.31,7.88,9.32,8.45,364.88,388.38,307.38,294.12,377.5,307,2039.26,12
18/02/2015 13:00:00,8.79,9.05,8.71,8.37,9.47,8.83,367.62,375.88,309,294.38,402.25,328.12,2077.25,13
18/02/2015 14:00:00,9.08,9.15,8.91,8.77,9.54,9.05,326.25,315.12,296,289,336.12,278.75,1841.24,14
18/02/2015 15:00:00,9.08,9.15,8.92,8.93,9.52,8.97,210.5,209.25,195.62,186.69,232.62,183.56,1218.24,15
18/02/2015 16:00:00,8.52,9.04,8.48,8.36,9.39,8.53,65.44,77.56,64.81,61.34,93.75,62.73,425.63,16
18/02/2015 17:00:00,7.32,8.82,7.52,6.73,9.16,7.81,1.34,2.4,1.53,0.57,3.73,2.03,11.6,17
19/02/2015 07:00:00,6.75,9.44,7.76,5.4,9.83,8.05,5.41,8.14,6.82,9.17,8.38,5.34,43.26,7
19/02/2015 08:00:00,7.13,9.62,8.09,5.8,9.95,8.28,25.4,42.95,32.53,38.16,43,23.58,205.62,8
19/02/2015 09:00:00,7.6,9.78,8.43,6.48,9.97,8.48,49.45,86.09,58.67,66.19,63.83,53.09,377.32,9
19/02/2015 10:00:00,8.04,9.81,8.73,7.32,9.94,8.79,109.41,108.38,87.72,74.47,62.41,89.38,531.77,10
19/02/2015 11:00:00,8.55,9.75,9,7.85,9.94,9.07,96,90.16,100.56,125.25,54,69.25,535.22,11
19/02/2015 12:00:00,8.47,9.67,9.05,8.31,9.96,8.87,67.84,54.23,68.12,119.62,48.97,65.41,424.19,12
19/02/2015 13:00:00,8.04,9.6,8.83,8.48,9.87,8.52,60.48,39.97,54.33,65.22,46.3,63.42,329.72,13
19/02/2015 14:00:00,7.64,9.57,8.56,8.09,9.79,8.2,52.92,31.9,48.84,42.62,42.09,54.03,272.4,14
19/02/2015 15:00:00,7.24,9.61,8.27,7.58,9.64,7.87,32.44,22.8,30.66,27.21,31.75,37.14,182,15
19/02/2015 16:00:00,6.91,9.51,7.87,7.12,9.37,7.59,14.68,11.48,15.56,10.49,22.55,24.44,99.2,16
19/02/2015 17:00:00,6.75,9.35,7.55,6.53,9.08,7.47,0.64,0.76,0.82,0.17,1.37,0.85,4.61,17
20/02/2015 07:00:00,3.87,7.64,4.66,3.86,7.88,4.87,14.49,12.17,16.58,8.23,11.68,17.2,80.35,7
20/02/2015 08:00:00,4.08,7.62,4.84,3.71,7.93,4.93,78.97,57.41,78.53,44.78,64.72,88.34,412.75,8
20/02/2015 09:00:00,5.05,7.67,5.6,3.78,7.99,5.78,193.88,140.19,185.19,94.97,247.88,259.62,1121.73,9
20/02/2015 10:00:00,5.57,7.62,6.03,4.04,7.92,6.33,369.25,323.12,359.88,169.06,365.88,334.75,1921.94,10
20/02/2015 11:00:00,6.31,7.62,6.78,5.28,7.84,6.73,303,366.25,324.38,440.75,249.44,218.19,1902.01,11
20/02/2015 12:00:00,6.36,7.69,6.97,6.73,7.79,6.58,184.88,229.56,206,327,182.94,165.94,1296.32,12
20/02/2015 13:00:00,5.94,7.7,6.71,6.87,7.79,6.36,133.81,137.56,139.12,166.19,143.38,142.81,862.87,13
20/02/2015 14:00:00,5.61,7.71,6.44,6.18,7.81,6.21,112.12,113.5,115.62,98.38,132.69,135.94,708.25,14
20/02/2015 15:00:00,5.39,7.7,6.17,5.62,7.85,6.11,120.72,88.94,104.5,59.66,122.44,156.75,653.01,15
20/02/2015 16:00:00,5.33,7.68,6,5.04,7.92,6.15,72.34,48,69.59,27.96,46.97,59.56,324.42,16
20/02/2015 17:00:00,4.43,7.61,5.32,4.07,7.79,5.33,2.3,2.11,2.58,0.97,1.81,1.93,11.7,17
21/02/2015 07:00:00,2.37,5.81,3.01,1.55,6.4,3.34,18.52,22.16,21.45,20.62,21.4,19.55,123.7,7
21/02/2015 08:00:00,2.76,5.84,3.31,2.01,6.38,3.64,106.94,107.19,117.88,120.44,116.25,107.06,675.76,8
21/02/2015 09:00:00,3.47,6.09,4.13,3.11,6.54,4.32,213.94,228.44,221.38,238.06,215.69,189.44,1306.95,9
21/02/2015 10:00:00,4.07,6.44,4.86,4.24,6.78,4.83,274.12,299.12,291.38,305.12,293.25,242.12,1705.11,10
21/02/2015 11:00:00,4.47,6.73,5.31,4.95,6.99,5.17,304.75,349.25,327.75,307.12,297.62,272.75,1859.24,11
21/02/2015 12:00:00,4.7,7.02,5.64,5.23,7.15,5.42,304.5,302.25,292,286.62,268.12,265.25,1718.74,12
21/02/2015 13:00:00,4.75,7.1,5.65,5.35,7.12,5.37,241.88,230.5,229.06,269.38,231.62,234.44,1436.88,13
21/02/2015 14:00:00,4.51,6.92,5.4,5.46,6.89,5.16,188.56,191.06,195.5,214.06,206.06,211.19,1206.43,14
21/02/2015 15:00:00,4.33,6.76,5.18,5.28,6.84,5.03,129.25,140.44,141.38,133.44,152.31,146.94,843.76,15
21/02/2015 16:00:00,4.07,6.66,4.88,4.75,6.8,4.77,54.14,62.16,60.36,51.33,68.16,63.25,359.4,16
21/02/2015 17:00:00,3.54,6.55,4.32,3.47,6.68,4.29,2.81,3.39,3.17,1.35,4.88,4.24,19.84,17
22/02/2015 07:00:00,1.83,7.07,2.9,-0.25,7.54,3.53,14.82,22.78,19.38,23.66,23.82,18.7,123.16,7
22/02/2015 08:00:00,3.1,7.5,4.25,1.95,7.85,4.61,49.58,88.91,67.12,61.27,75.19,60.08,402.15,8
22/02/2015 09:00:00,3.84,7.92,5.54,2.86,8.1,5.52,79.88,119.22,98.56,79.5,105.69,93.97,576.82,9
22/02/2015 10:00:00,4.74,8.07,6.15,3.31,8.24,6.01,103.56,156.62,129.25,113.88,91.88,76.81,672,10
22/02/2015 11:00:00,5.13,8.04,6.36,4.16,7.93,5.81,85.59,80.31,79.78,116.75,70.53,68.62,501.58,11
22/02/2015 12:00:00,4.72,7.51,5.83,4.89,7.96,5.93,87.56,69.81,69.81,91.03,62.38,57.42,438.01,12
22/02/2015 13:00:00,4.98,7.65,6.18,4.4,8.38,6.76,51.2,55.53,51.8,67.38,43.19,40.59,309.69,13
22/02/2015 14:00:00,6.09,8.2,6.97,3.88,9.02,7.62,27.27,29.79,27.39,39.44,26.24,23.27,173.4,14
22/02/2015 15:00:00,7.12,8.88,7.76,4.1,9.9,8.53,15.86,15.42,16.3,17.17,16.55,19.47,100.77,15
22/02/2015 16:00:00,8.06,9.67,8.66,5.65,10.49,9.19,8.31,5.79,8.44,4.46,8.25,10.12,45.37,16
22/02/2015 17:00:00,8.87,10.27,9.54,6.86,10.54,9.76,0.4,0.39,0.5,0.14,0.71,0.67,2.81,17
23/02/2015 07:00:00,3.66,7.18,4.56,3.2,7.01,4.6,15.93,17.94,18.91,16.2,14.06,14.17,97.21,7
23/02/2015 08:00:00,3.68,6.72,4.42,3.2,6.74,4.47,80.31,73.69,83.12,75.47,65.62,76.75,454.96,8
23/02/2015 09:00:00,4.21,6.71,4.69,3.62,6.93,4.87,156.81,137.12,155.75,154,136.12,178.12,917.92,9
23/02/2015 10:00:00,4.81,6.89,5.2,4.38,7.33,5.65,222.12,216.38,240.81,213.31,219.94,212.25,1324.81,10
23/02/2015 11:00:00,5,7.36,5.86,4.91,7.75,5.59,263.25,265.62,291.25,252.06,258.62,259.75,1590.55,11
23/02/2015 12:00:00,4.62,7.65,5.71,5.05,7.44,5.2,222.69,240.31,253.75,258.62,245.81,230.19,1451.37,12
23/02/2015 13:00:00,4.2,7.09,5.07,4.86,6.88,4.85,167.94,246.19,209.69,197.75,229.69,187.06,1238.32,13
23/02/2015 14:00:00,4.27,6.83,4.78,4.39,7.09,4.93,155.81,169.62,141.06,146.25,152.25,119.69,884.68,14
23/02/2015 15:00:00,4.67,7.3,5.1,4.29,7.71,5.47,133,102.47,108.81,130.75,123.41,104.12,702.56,15
23/02/2015 16:00:00,4.97,7.66,5.63,4.45,7.81,5.75,56.95,59.7,65.5,56.78,66.06,60.2,365.19,16
23/02/2015 17:00:00,4.72,7.56,5.42,4.18,7.64,5.38,3.12,3.71,3.82,1.81,4.58,4.35,21.39,17
24/02/2015 07:00:00,4.79,7.47,5.32,4.39,7.69,5.33,13.06,20.94,17.07,31.95,29.71,20.51,133.24,7
24/02/2015 08:00:00,4.78,7.48,5.32,4.63,7.61,5.2,91.34,137.06,112.62,134.31,152.31,131.56,759.2,8
24/02/2015 09:00:00,4.92,7.5,5.53,5.28,7.6,5.38,233.5,283.88,269.25,245.5,273.25,253.19,1558.57,9
24/02/2015 10:00:00,5.37,7.62,6.01,5.84,7.75,5.77,346.75,372.25,365.5,370.38,358.25,346.25,2159.38,10
24/02/2015 11:00:00,5.77,7.79,6.43,6.42,8.01,6.15,396.25,417.5,421.75,432,422.25,389.5,2479.25,11
24/02/2015 12:00:00,5.97,7.98,6.66,6.77,8.09,6.32,370.25,413.25,402.88,435.38,392.88,359.25,2373.89,12
24/02/2015 13:00:00,5.97,8,6.68,6.87,8.06,6.43,305.12,343.38,345.38,343.62,332.12,334.25,2003.87,13
24/02/2015 14:00:00,5.99,8.07,6.76,6.54,8.27,6.72,273.38,303.88,298.88,243.06,309.38,298.12,1726.7,14
24/02/2015 15:00:00,6.2,8.32,6.96,6.21,8.64,7.06,185.19,221.5,209.5,169.75,225.19,206.12,1217.25,15
24/02/2015 16:00:00,6.1,8.51,6.89,5.86,8.83,7.03,74.5,96.03,86.59,67.5,99.78,81.06,505.46,16
24/02/2015 17:00:00,5.62,8.58,6.41,5.08,8.86,6.56,5.34,7,6.09,2.71,7.6,6.4,35.14,17
25/02/2015 06:00:00,7.54,9.74,8.4,5.18,9.81,8.59,0,0,0,0.01,0,0,0.01,6
25/02/2015 07:00:00,7.83,9.66,8.52,5.26,9.8,8.62,11.07,14.66,17.14,19.3,9.81,10.32,82.3,7
25/02/2015 08:00:00,8.08,9.75,8.77,6.13,10,8.85,56.77,56.97,75.97,79.25,45.33,50.61,364.9,8
25/02/2015 09:00:00,8.54,9.97,9.28,7.4,10.22,9.25,124.38,126.06,160.88,167.56,141.94,118.66,839.48,9
25/02/2015 10:00:00,9.09,10.23,9.82,8.58,10.46,9.59,189.94,245.75,232.62,243.81,276.88,199.56,1388.56,10
25/02/2015 11:00:00,9.52,10.4,10.27,9.51,10.49,9.89,249.38,364.25,294.62,224.88,366.75,256.88,1756.76,11
25/02/2015 12:00:00,10.01,10.54,10.7,10,10.55,10.2,274.88,382.5,317,233.19,335.75,241.56,1784.88,12
25/02/2015 13:00:00,10.34,10.64,10.98,10.49,10.66,10.23,242.19,268.62,224.56,203.75,279.62,199.44,1418.18,13
25/02/2015 14:00:00,10.24,10.6,10.77,10.7,10.63,10.11,158.38,197.69,193.38,148.94,225.5,169.31,1093.2,14
25/02/2015 15:00:00,9.84,10.56,10.63,10.66,10.59,10.07,93.16,128.44,120.31,100.19,150.5,110.53,703.13,15
25/02/2015 16:00:00,9.43,10.41,10.28,10.33,10.51,9.89,34.91,56.75,48.44,49.05,63.2,43.31,295.66,16
25/02/2015 17:00:00,8.99,10.28,9.85,9.26,10.32,9.63,1.67,4.16,3.33,1.77,4.01,2.94,17.88,17
26/02/2015 06:00:00,9.44,10.19,9.69,9.16,10.37,9.72,0,0,0,0.02,0,0,0.02,6
26/02/2015 07:00:00,9.45,10.28,9.75,9.45,10.37,9.73,8.96,8.95,10.78,16.4,5.63,6.16,56.88,7
26/02/2015 08:00:00,9.52,10.28,9.82,9.48,10.37,9.79,26.04,20.16,30.14,49.78,13.87,18.09,158.08,8
26/02/2015 09:00:00,9.36,10.33,9.91,9.85,10.37,9.5,41.23,30.34,42.31,58.02,35.42,40.62,247.94,9
26/02/2015 10:00:00,7.5,10.25,9.08,9.84,9.5,7.21,70.59,63.88,74.84,73.84,70,77.34,430.49,10
26/02/2015 11:00:00,6.27,8.76,7.2,8.28,7.93,6.6,109.94,109.56,119.28,100.12,129.5,113.09,681.49,11
26/02/2015 12:00:00,6.62,8.21,7.18,7.35,8.39,7.14,151.31,137.5,146.25,131.06,147.56,165.44,879.12,12
26/02/2015 13:00:00,6.94,8.61,7.56,7.47,8.92,7.52,214.94,165.88,191.25,134.25,222.06,245.38,1173.76,13
26/02/2015 14:00:00,6.97,8.93,7.76,7.58,9.1,7.46,232.69,202.31,219.06,171.31,247.25,277.12,1349.74,14
26/02/2015 15:00:00,6.51,8.97,7.46,7.42,8.75,6.96,212.62,193,208.69,139.94,266.88,257.75,1278.88,15
26/02/2015 16:00:00,5.94,8.51,6.79,6.52,8.3,6.49,108.5,120.81,116.09,78.91,122.31,116.72,663.34,16
26/02/2015 17:00:00,5.07,8.02,5.92,5.12,8.05,5.79,9.2,11.28,10.47,5.96,13.19,12,62.1,17
27/02/2015 06:00:00,1.9,6.61,2.79,0.1,6.85,3.17,0.03,0.07,0.04,0.23,0.01,0,0.38,6
27/02/2015 07:00:00,1.57,6.57,2.47,-0.1,6.83,2.86,51.47,57.09,54.56,58.41,51.05,47.98,320.56,7
27/02/2015 08:00:00,3.08,6.86,3.69,2.03,7.03,3.87,187,197.88,192.94,189.25,185.06,178.81,1130.94,8
27/02/2015 09:00:00,4.97,7.24,5.21,4.04,7.35,5.44,317.62,331,324,335.62,281.62,275.38,1865.24,9
27/02/2015 10:00:00,5.86,7.48,6.3,5.72,7.55,6.18,378.5,405,390.38,436,206.81,230.38,2047.07,10
27/02/2015 11:00:00,6.42,7.69,6.85,6.76,7.69,6.38,328.38,298.75,344.5,473.75,155.38,164.81,1765.57,11
27/02/2015 12:00:00,6.53,7.86,7.03,7.36,7.87,6.32,220.44,188.94,213.19,447.5,167.88,168.25,1406.2,12
27/02/2015 13:00:00,6.24,7.96,6.8,7.54,8.02,6.44,249.5,180.12,213.38,363.88,151.69,188.25,1346.82,13
27/02/2015 14:00:00,6.38,8.08,6.89,7.31,8.15,6.7,211.5,193.44,221,307.25,126.38,144.69,1204.26,14
27/02/2015 15:00:00,6.36,8.28,7,7.05,8.37,6.76,95.03,79.66,86.09,170.12,69.44,74.81,575.15,15
27/02/2015 16:00:00,5.91,8.3,6.61,6.46,8.43,6.51,75.97,41.75,64.12,74.88,56.81,72.28,385.81,16
27/02/2015 17:00:00,5.34,8.32,6.15,5.17,8.42,6.21,9.14,7.61,8.73,5.94,9.63,10.33,51.38,17
28/02/2015 07:00:00,8,9.94,8.82,7.15,10.03,8.62,17.34,5.95,11.93,4.44,9.86,17.76,67.28,7
28/02/2015 08:00:00,7.91,9.95,8.75,7.37,9.87,8.56,104.25,28.58,60.52,22.05,61.36,86.34,363.1,8
28/02/2015 09:00:00,8.36,9.93,8.96,7.73,9.7,8.61,221.88,75.66,133.19,83.25,114.16,108.94,737.08,9
28/02/2015 10:00:00,8.83,9.94,9.22,8.51,9.66,8.5,255.19,158.44,175.88,195.38,161.06,137,1082.95,10
28/02/2015 11:00:00,8.91,9.86,9.12,9.53,9.73,8.58,211.19,365.5,245.56,197.12,366.38,206.19,1591.94,11
28/02/2015 12:00:00,8.8,9.86,9.14,9.73,9.93,8.85,304.5,467.25,331,255.25,363.75,243.31,1965.06,12
28/02/2015 13:00:00,9.21,10.01,9.48,10.02,10.12,9.18,295.12,289.25,268.75,231.62,173.19,203.5,1461.43,13
28/02/2015 14:00:00,9.38,10.08,9.65,9.94,10.31,9.4,135.94,114.94,139.5,177.06,118.66,104.06,790.16,14
28/02/2015 15:00:00,8.88,10.22,9.41,9.65,10.27,9.11,57.61,92.06,76.94,53.52,161.94,100.38,542.45,15
28/02/2015 16:00:00,8.39,10.06,9.02,8.81,10.2,9,30.41,34.81,35.06,20.87,33.83,33.91,188.89,16
28/02/2015 17:00:00,8.23,9.97,8.78,8.15,10.09,8.97,2.16,3.04,2.87,2.23,1.51,1.2,13.01,17
1/3/2015 6:00,6.05,9.38,6.87,5.27,9.39,7.06,0.19,0.25,0.23,0.66,0.07,0.08,1.48,6
1/3/2015 7:00,5.85,9.29,6.79,5.17,9.34,6.87,48.61,51.08,55.47,60.75,49.09,49.7,314.7,7
1/3/2015 8:00,6.29,9.33,7.1,5.9,9.37,7.17,158.12,159.5,175.56,171.44,178.62,171.06,1014.3,8
1/3/2015 9:00,7.09,9.49,7.88,6.98,9.48,8,283.12,319,307.38,279.38,317.88,300.75,1807.51,9
1/3/2015 10:00,7.87,9.57,8.57,7.87,9.59,8.36,386.38,380.38,384.25,370,353.25,376.5,2250.76,10
1/3/2015 11:00,8.33,9.62,8.82,8.5,9.68,8.52,474.25,433.12,471.5,440.25,428,475,2722.12,11
1/3/2015 12:00,8.63,9.76,9.13,9.09,9.8,8.84,354.75,412.62,413.5,405,351.25,379.5,2316.62,12
1/3/2015 13:00,8.47,9.79,9.15,9.27,9.75,8.79,324.12,306.62,373.5,396.38,351.12,409.62,2161.36,13
1/3/2015 14:00,8.51,9.74,9.1,9.25,9.75,8.85,255.56,322,357.88,270.88,287.25,305.5,1799.07,14
1/3/2015 15:00,8.28,9.79,8.96,8.72,9.81,8.67,101.53,211,181.12,107.31,176.62,130.75,908.33,15
1/3/2015 16:00,7.76,9.85,8.63,7.85,9.82,8.38,50.17,96.28,67.34,32.61,70.5,77.09,393.99,16
1/3/2015 17:00,7.41,9.78,8.28,7.31,9.68,8.02,12.53,11.86,13.21,5.07,10.94,17.81,71.42,17
2/3/2015 6:00,4.21,7.25,4.92,3.49,7.28,5.13,0.16,0.25,0.18,0.39,0.11,0.09,1.18,6
2/3/2015 7:00,3.44,7.03,4.53,3.2,7.36,4.47,40.77,39.11,44.11,43.72,43.88,46.95,258.54,7
2/3/2015 8:00,3.39,7.24,4.46,2.83,7.54,4.59,145.62,179.31,170.94,160.88,151.88,131.5,940.13,8
2/3/2015 9:00,4.2,7.42,5.13,3.54,7.46,5.03,200.81,208.06,191.81,251.44,211.69,184.31,1248.12,9
2/3/2015 10:00,4.7,7.33,5.47,4.62,7.45,5.4,211,295,225.38,316.38,300.5,226.31,1574.57,10
2/3/2015 11:00,4.65,7.41,5.7,5.43,7.55,5.65,254.19,347,294.38,308,346.25,317.25,1867.07,11
2/3/2015 12:00,4.64,7.51,5.86,5.53,7.73,5.73,310.12,389.5,404.75,333.62,415.75,406,2259.74,12
2/3/2015 13:00,4.93,7.76,6.24,5.52,7.98,6.09,338,405.12,400.88,257.88,439.5,408.5,2249.88,13
2/3/2015 14:00,5.28,7.96,6.4,5.17,8.1,6.34,325.5,359.25,353,228.25,372.88,344,1982.88,14
2/3/2015 15:00,5.57,8.05,6.5,5.06,8.13,6.38,241.75,258.25,238.19,194.12,248.94,227.56,1408.81,15
2/3/2015 16:00,5.38,7.99,6.2,4.9,8,6.05,100.88,122.66,106.38,110.56,116.97,98.41,655.86,16
2/3/2015 17:00,4.64,7.79,5.57,4.21,7.83,5.52,10.32,15.31,12.25,11.12,15.45,12.02,76.47,17
3/3/2015 6:00,4.54,8.83,5.99,3.62,8.79,6.35,0.14,0.5,0.34,0.56,0.28,0.14,1.96,6
3/3/2015 7:00,5.24,8.5,6.15,3.65,7.88,5.75,13.59,49.84,39.5,30.34,51.66,33.31,218.24,7
3/3/2015 8:00,4.6,7.62,5.49,4.33,7.46,5.23,84.91,179,161.06,43.3,172.25,159.75,800.27,8
3/3/2015 9:00,4.06,7.41,5.36,4.05,7.51,5.22,229.81,302.75,294,109.09,284.75,266.75,1487.15,9
3/3/2015 10:00,4.67,7.44,5.69,4.05,7.71,5.67,257.25,370.75,347.62,279.5,324.25,272.25,1851.62,10
3/3/2015 11:00,4.93,7.6,5.99,5.14,7.86,5.67,284.5,366.88,318.38,310.62,325.12,280.25,1885.75,11
3/3/2015 12:00,5.14,7.58,5.93,5.68,7.66,5.64,289.88,310,296.5,359.12,288.38,269.62,1813.5,12
3/3/2015 13:00,5.23,7.35,5.84,6.1,7.44,5.5,234.12,252.69,253.06,312.75,247.69,228.25,1528.56,13
3/3/2015 14:00,4.85,7.22,5.61,6.06,7.43,5.24,180.19,202.19,195.19,219,227.94,193.38,1217.89,14
3/3/2015 15:00,4.37,7.17,5.29,5.55,7.39,5.14,115.78,140.5,132.81,138.69,146.06,141.25,815.09,15
3/3/2015 16:00,4.2,7.17,5.13,4.83,7.52,5.25,78.56,74.97,74.62,71.19,92.88,80.88,473.1,16
3/3/2015 17:00,4.17,7.27,4.97,4.06,7.7,5.22,15.56,14.86,13.99,11.06,16.32,15.65,87.44,17
4/3/2015 6:00,3.08,6.48,3.68,1.37,6.65,3.96,0.91,0.64,0.78,2.05,0.4,0.42,5.2,6
4/3/2015 7:00,2.85,6.56,3.6,1.14,6.77,3.92,73.09,49.97,65.62,80.72,48.31,56.45,374.16,7
4/3/2015 8:00,3.75,6.77,4.24,2.93,6.97,4.47,220.94,181.38,208.44,231.94,177.5,192.69,1212.89,8
4/3/2015 9:00,4.85,7.04,5.4,4.62,7.25,5.42,367,324,352.62,373.25,315.12,334.38,2066.37,9
4/3/2015 10:00,5.65,7.33,6.2,5.94,7.53,6.07,478.25,445.5,470.38,471,445.62,453.88,2764.63,10
4/3/2015 11:00,6.36,7.67,6.91,7.05,7.77,6.6,535,526.5,535,529.75,510.5,517,3153.75,11
4/3/2015 12:00,6.78,7.95,7.36,7.85,7.91,6.9,536.25,546,543.75,518,530.5,531.25,3205.75,12
4/3/2015 13:00,6.96,8.15,7.58,8.22,7.99,7.04,497,513.5,506.25,476.38,508.38,504.75,3006.26,13
4/3/2015 14:00,6.96,8.29,7.63,8.28,8.05,7.09,424.12,432.12,426.88,394,430.88,422.75,2530.75,14
4/3/2015 15:00,6.73,8.32,7.45,7.97,8.11,6.94,305,309.62,308.25,273.88,309.25,309.25,1815.25,15
4/3/2015 16:00,6.35,8.26,7.05,7.42,8.15,6.69,156.69,162.19,160.62,133.88,167.12,165.19,945.69,16
4/3/2015 17:00,5.46,8.09,6.2,5.9,8.09,6.07,24.5,26.98,26.12,16.7,30.35,29.07,153.72,17
5/3/2015 6:00,1.31,7,2.1,1.51,7.45,3.12,1.23,1.9,1.6,1.03,1.2,0.86,7.82,6
5/3/2015 7:00,1.93,7.08,2.45,2.04,7.55,3.58,44.09,86.41,64.44,22.05,81.56,54.56,353.11,7
5/3/2015 8:00,3.75,7.47,4.48,2.61,7.91,5.13,86.78,239.06,163,67.12,231.75,149.44,937.15,8
5/3/2015 9:00,4.59,8.06,5.75,3.07,8.4,6.3,184.44,380.38,300.62,107.78,374,293.62,1640.84,9
5/3/2015 10:00,5.76,8.38,7.19,3.93,8.71,7.51,338.88,484,478,153.19,481.5,463.62,2399.19,10
5/3/2015 11:00,7.42,8.67,8.42,5.61,8.94,8.48,524.25,547.5,504,443.88,533.5,512.25,3065.38,11
5/3/2015 12:00,8.74,8.91,9.03,8.32,9.11,8.94,484.25,560,522,489,545.75,478.25,3079.25,12
5/3/2015 13:00,9.05,9.06,9.38,9.26,9.26,9.07,461.5,512.25,443,430.62,522,439.75,2809.12,13
5/3/2015 14:00,9.07,9.17,9.36,9.44,9.41,9.05,347.62,429.25,354.75,353.5,436.75,304.25,2226.12,14
5/3/2015 15:00,8.69,9.27,9.17,9.31,9.5,8.64,214.12,307.38,268.62,152.56,282.75,169.44,1394.87,15
5/3/2015 16:00,7.98,9.19,8.75,8.34,9.42,8.19,79.97,145.44,113.62,96.47,133.94,90.62,660.06,16
5/3/2015 17:00,7.11,9.01,7.9,7.28,9.26,7.71,14.23,19.95,20.09,15.71,22.97,20.75,113.7,17
6/3/2015 6:00,3.93,8.06,5.11,2.98,8.26,5.06,1.02,1.95,1.3,2.19,1.32,1.08,8.86,6
6/3/2015 7:00,4.34,8.1,5.65,3.46,8.32,5.41,37.66,55.88,42.52,43.08,50.58,45.7,275.42,7
6/3/2015 8:00,5.23,8.42,6.71,4.54,8.6,6.42,115.84,145.12,118.22,115.25,131.5,120.88,746.81,8
6/3/2015 9:00,6.4,8.64,7.42,5.84,8.82,7.26,226.31,228.56,215.19,236.81,213.44,217.44,1337.75,9
6/3/2015 10:00,7.56,8.79,8.02,7.48,9.03,7.94,356,317.88,325.75,376.38,308.75,339.12,2023.88,10
6/3/2015 11:00,8.42,8.94,8.56,8.74,9.31,8.58,485.5,372.88,435.62,476.75,403.75,465.88,2640.38,11
6/3/2015 12:00,9.26,9.11,9.14,9.72,9.62,9.25,567.25,476.75,551,552.5,533.75,569.75,3251,12
6/3/2015 13:00,9.97,9.34,9.66,10.48,9.86,9.81,531.75,537.5,539,515,548.75,542,3214,13
6/3/2015 14:00,10.22,9.57,9.85,10.73,10.09,9.97,445.5,458.12,451.38,426.62,461.38,455.88,2698.88,14
6/3/2015 15:00,10.09,9.77,9.77,10.55,10.23,9.88,317.75,327.88,322.88,297.5,332.75,328.5,1927.26,15
6/3/2015 16:00,9.51,9.79,9.34,9.85,10.15,9.45,167.12,172.94,169.56,144.31,178.75,175.62,1008.3,16
6/3/2015 17:00,8.4,9.69,8.55,8.38,9.98,8.74,29.62,31.7,30.38,21.5,35.45,34.11,182.76,17
7/3/2015 6:00,7.11,9.54,7.78,6.03,9.85,7.95,1.2,2.22,1.65,1.34,1.58,1.28,9.27,6
7/3/2015 7:00,7.22,9.56,7.89,6.28,9.82,7.95,41.47,61.23,50.19,23.65,56.67,46.19,279.4,7
7/3/2015 8:00,7.61,9.69,8.42,6.86,9.92,8.51,124.03,192.44,145.31,62.12,185.88,137.38,847.16,8
7/3/2015 9:00,8.55,9.86,9.15,7.76,10.08,9.1,257.5,366,296.88,123.66,366.5,308,1718.54,9
7/3/2015 10:00,9.57,10.03,9.91,8.69,10.21,9.79,488.25,503.62,485.25,276.88,507.25,492.88,2754.13,10
7/3/2015 11:00,10.85,10.13,10.77,10.13,10.29,10.57,569.75,574,571.75,521.5,576,574.5,3387.5,11
7/3/2015 12:00,11.72,10.2,11.32,11.87,10.33,11.07,582.5,589,586.25,561.75,591.75,589.75,3501,12
7/3/2015 13:00,12.13,10.23,11.5,12.72,10.35,11.24,543,550.75,547.5,526.25,551.75,550.5,3269.75,13
7/3/2015 14:00,12.14,10.25,11.42,13.03,10.33,11.18,456.5,463.5,460.5,437.38,464.75,464.12,2746.75,14
7/3/2015 15:00,11.8,10.23,11.12,12.89,10.27,10.91,328.88,332,330.75,309.12,336.25,336.12,1973.12,15
7/3/2015 16:00,11.13,10.16,10.55,12.19,10.2,10.41,175.19,177.94,176.44,157.44,183,182.62,1052.63,16
7/3/2015 17:00,9.98,10.04,9.65,10.67,10.1,9.61,33.19,33.36,32.31,24.41,37.58,35.64,196.49,17
8/3/2015 6:00,7.65,9.32,8.1,6.61,9.54,8.44,0.6,3.27,1.39,0.76,1.02,0.55,7.59,6
8/3/2015 7:00,8.02,9.44,8.31,6.89,9.76,8.83,18.65,57.2,22.29,19.14,19.59,15.85,152.72,7
8/3/2015 8:00,8.63,9.67,8.86,7.63,9.9,9.22,44.2,63.72,51.03,47.05,49.77,40.38,296.15,8
8/3/2015 9:00,9.21,9.83,9.4,8.45,10.01,9.55,49.92,90,82.16,85,55.39,41.19,403.66,9
8/3/2015 10:00,9.51,9.98,9.81,9.2,10.13,9.71,43.16,87.47,73.78,101.72,69.03,47,422.16,10
8/3/2015 11:00,9.52,10.06,9.93,9.77,10.22,9.73,59.19,162.94,126.66,79.09,101.16,69.88,598.92,11
8/3/2015 12:00,9.34,10.15,10.21,10,10.24,9.62,94.09,176.06,95,80.03,75.66,85.22,606.06,12
8/3/2015 13:00,8.81,10.17,10.03,10.11,10.17,9.03,145.56,83.56,92.38,92.31,92.5,191.25,697.56,13
8/3/2015 14:00,8.31,10.1,9.66,9.87,10.05,8.57,268.88,94.91,192.69,93.91,175.88,324.38,1150.65,14
8/3/2015 15:00,8.53,10.05,9.41,9.25,9.99,8.91,269.62,118.78,236.94,194.94,269.25,330.38,1419.91,15
8/3/2015 16:00,8.67,9.94,9.21,9.41,9.92,9.03,172.69,140.75,175.19,143.69,186.38,184.06,1002.76,16
8/3/2015 17:00,8.05,9.77,8.7,8.58,9.77,8.5,31.87,37.3,36.95,23.43,42.41,41.45,213.41,17
9/3/2015 6:00,4.48,8.62,6.35,2.85,9.04,6.69,2.16,1.86,1.95,3.64,1.49,1.46,12.56,6
9/3/2015 7:00,5.13,8.92,7.07,3.04,9.23,7.14,35.48,35.64,36.66,47.78,35.12,27.41,218.09,7
9/3/2015 8:00,6.12,9.23,7.79,4.1,9.51,7.85,73.19,101,76.03,92.97,84.53,60,487.72,8
9/3/2015 9:00,7.23,9.51,8.43,5.59,9.86,8.63,101.16,146.31,121.09,162.88,111.03,89.34,731.81,9
9/3/2015 10:00,8.33,9.68,9.08,7.67,10,9.24,118.22,174.44,146.56,174.44,134.06,95,842.72,10
9/3/2015 11:00,9.22,9.71,9.62,9.02,10.15,9.64,110.81,159.94,120.81,159.44,119.28,94.72,765,11
9/3/2015 12:00,9.65,9.69,9.75,9.67,10.12,9.91,117.09,138.19,109.16,144.5,120.81,103.84,733.59,12
9/3/2015 13:00,9.94,9.73,9.75,9.95,10.1,10.02,109.84,157.5,121.12,129.38,174.19,125.25,817.28,13
9/3/2015 14:00,10.13,9.84,9.87,9.97,10.14,10.11,108.91,138.5,119.88,100.09,146,119.28,732.66,14
9/3/2015 15:00,10.21,9.92,9.96,9.86,10.12,10.12,74.84,85.59,78.88,78.12,86.66,66.66,470.75,15
9/3/2015 16:00,10.12,10.06,9.94,9.94,10.16,10.05,28.95,41.44,39.94,47.23,42.98,25.34,225.88,16
9/3/2015 17:00,9.83,10.16,9.89,9.86,10.32,9.87,4.29,7.97,5.91,4.88,4.45,4.47,31.97,17
10/3/2015 6:00,3.82,7.57,4.65,3.37,8.1,4.5,3.58,2.54,3,4.52,1.96,2.6,18.2,6
10/3/2015 7:00,3.78,7.42,4.6,3.24,8.08,4.51,66.34,35.89,51.08,62.67,35.28,56.86,308.12,7
10/3/2015 8:00,4.9,7.49,5.31,3.81,8.24,5.72,175.12,83.91,129.25,180,88.88,130.19,787.35,8
10/3/2015 9:00,6.18,7.68,6.12,5.12,8.38,6.69,286,130,215.25,301.38,136.75,214.38,1283.76,9
10/3/2015 10:00,7,8.06,7.1,6.83,8.48,7.2,336.25,168.69,246.19,440.75,201.06,254.5,1647.44,10
10/3/2015 11:00,7.61,8.29,7.59,8.27,8.58,7.53,352.5,246.44,342.75,439.38,361.75,427.88,2170.7,11
10/3/2015 12:00,8.08,8.52,8.26,8.97,8.79,8.32,492.62,521.5,561.5,392.38,608.5,609.25,3185.75,12
10/3/2015 13:00,8.87,8.87,9.15,9.3,9.03,9.19,562.75,563.75,569.5,449.62,571,573.5,3290.12,13
10/3/2015 14:00,9.39,9.07,9.5,9.86,9.17,9.54,478.12,471.88,481.88,455,478.5,486.12,2851.5,14
10/3/2015 15:00,9.43,9.15,9.44,10.07,9.22,9.54,348.25,331.75,348.25,328.88,335.75,352,2044.88,15
10/3/2015 16:00,9.09,9.05,9.03,9.75,9.13,9.15,190.81,167.56,184.94,174.75,175.56,187.5,1081.12,16
10/3/2015 17:00,7.87,8.82,7.93,8.34,8.94,8.08,40.69,33.84,38.59,33.95,38.09,42.75,227.91,17
11/3/2015 6:00,4.85,8.96,7.07,2.4,9.34,7.4,3.62,2.72,3.77,9.2,1.21,1.49,22.01,6
11/3/2015 7:00,5.32,9.03,7.31,1.72,9.41,7.6,50.23,27.91,40.64,95.22,21.28,18.55,253.83,7
11/3/2015 8:00,6.28,9.15,7.81,3.59,9.51,7.99,94.47,64.5,60.33,234.44,53.86,39.34,546.94,8
11/3/2015 9:00,7.36,9.28,8.25,6.24,9.6,8.47,79.41,99.03,68.72,231.12,103.28,70.16,651.72,9
11/3/2015 10:00,7.88,9.47,8.58,7.88,9.79,8.88,97,139,100.19,262.38,197.38,156.25,952.2,10
11/3/2015 11:00,8.48,9.7,9.05,9.16,9.96,9.48,164.5,231.69,162.62,179.31,301.5,255.88,1295.5,11
11/3/2015 12:00,9.31,9.89,9.63,9.46,10.17,10.24,189.75,333,252,123.94,177.62,159.62,1235.93,12
11/3/2015 13:00,10.08,10.02,10.26,9.49,10.08,9.92,128.06,202.88,163.62,113.59,156.25,132.06,896.46,13
11/3/2015 14:00,10.06,9.96,10.09,9.6,10.05,9.67,137.06,131.25,125.91,96.94,140.5,116.19,747.85,14
11/3/2015 15:00,10.09,9.9,9.83,9.53,10.02,9.63,146.06,104.97,131,156,95.19,96.44,729.66,15
11/3/2015 16:00,10,9.86,9.69,9.91,10,9.54,61.3,89.41,79.69,113.09,52.94,45.67,442.1,16
11/3/2015 17:00,9.42,9.8,9.33,9.66,9.94,9.37,7.27,21.25,12.29,15.33,9.42,7.29,72.85,17
12/3/2015 6:00,7.69,9.13,8.16,7.3,9.52,8.29,4,6.86,5.67,5.8,3.7,3.25,29.28,6
12/3/2015 7:00,7.87,9.24,8.11,7.33,9.56,8.29,60.11,70.41,66.09,76.22,54.81,51.75,379.39,7
12/3/2015 8:00,8.38,9.49,8.55,7.92,9.63,8.62,140.94,157,137.06,175.25,124.09,111.94,846.28,8
12/3/2015 9:00,9.22,9.64,9.18,9.27,9.71,9.16,177.62,189.56,163.81,268.5,178.81,138.81,1117.11,9
12/3/2015 10:00,9.96,9.7,9.73,10.36,9.73,9.59,184.31,232.44,166.25,342.38,207.44,170.69,1303.51,10
12/3/2015 11:00,10.21,9.73,9.77,11.32,9.78,9.79,178.44,237.81,178.88,410.25,180.88,161.5,1347.76,11
12/3/2015 12:00,10.17,9.8,9.71,12.01,9.79,9.71,133.56,183.62,146.06,394.75,161.44,140.31,1159.74,12
12/3/2015 13:00,9.83,9.82,9.5,12.05,9.77,9.5,110.38,164.88,132.81,261.12,148.06,132.19,949.44,13
12/3/2015 14:00,9.46,9.86,9.37,11.27,9.8,9.35,94.06,141.69,113.44,139.12,111.38,103.59,703.28,14
12/3/2015 15:00,9.19,9.93,9.34,10.19,9.75,9.21,67.16,91.06,78.03,62.28,61.52,60.86,420.91,15
12/3/2015 16:00,8.97,9.92,9.24,9.1,9.74,9.06,30.84,39.78,34.2,24.64,22.07,20.8,172.33,16
12/3/2015 17:00,8.72,9.92,9.07,8.27,9.79,8.95,5.75,10.24,7.6,4.51,3.88,4.22,36.2,17
13/03/2015 06:00:00,3.3,6.43,3.97,3.58,6.92,4.36,4.46,6.42,6.2,1.45,5.15,5.21,28.89,6
13/03/2015 07:00:00,3.45,6.44,4.1,2.53,6.96,4.47,66.12,76.31,77.66,16.79,81.97,82.38,401.23,7
13/03/2015 08:00:00,4.05,6.6,4.65,1.82,7.03,5.05,161,185.5,193.25,40.25,216.81,220.44,1017.25,8
13/03/2015 09:00:00,4.71,6.84,5.33,1.59,7.19,5.72,264.75,300.88,317,67.47,356.38,366.12,1672.6,9
13/03/2015 10:00:00,5.35,7.22,6.05,2,7.52,6.42,342.75,393,392.12,95,472.5,482.62,2177.99,10
13/03/2015 11:00:00,5.87,7.58,6.62,2.66,7.92,7.08,366.62,461,448.25,116.62,557.75,561.5,2511.74,11
13/03/2015 12:00:00,6.08,7.9,7.01,3.43,8.29,7.59,332.25,471.88,442.62,129.19,591.75,585.25,2552.94,12
13/03/2015 13:00:00,6.01,8.09,7.17,4.38,8.56,7.79,283.88,377.62,342.75,127.19,559.5,546,2236.94,13
13/03/2015 14:00:00,5.86,8.09,6.9,5.42,8.64,7.75,178.31,240.81,230.62,118.09,415.75,350.5,1534.08,14
13/03/2015 15:00:00,5.63,7.82,6.49,6.35,8.58,7.15,123.22,127.38,149.44,107.41,263,218,988.45,15
13/03/2015 16:00:00,5.41,7.46,6.02,6.7,8.26,6.51,75.03,61.86,82.34,79.88,132.06,112.97,544.14,16
13/03/2015 17:00:00,5.25,7.21,5.73,6.36,7.82,6.1,26.84,17.14,26.99,25.37,32.56,29.88,158.78,17
13/03/2015 18:00:00,4.74,7.13,5.33,4.97,7.58,5.69,0,0,0,0,0.03,0.03,0.06,18
14/03/2015 06:00:00,1.28,5.65,2.3,0.31,5.64,2.87,8.5,11.23,9.29,12.43,8.8,7.11,57.36,6
14/03/2015 07:00:00,1.05,5.31,2.09,0.46,5.66,2.42,105.41,130.94,108.44,119.66,121.34,107.28,693.07,7
14/03/2015 08:00:00,1.58,5.17,2.37,1.65,5.65,2.65,286.38,298.62,287.62,293.25,284.75,283.38,1734,8
14/03/2015 09:00:00,2.5,5.11,3.02,3.84,5.62,3.35,441.88,450.88,448.75,425.62,438.5,442.12,2647.75,9
14/03/2015 10:00:00,3.6,5.22,4,5.35,5.62,4.21,545,561,555.75,531,557.5,559,3309.25,10
14/03/2015 11:00:00,4.72,5.54,5,6.51,5.8,5.02,593.75,619,612,583.75,630.75,625.75,3665,11
14/03/2015 12:00:00,5.69,5.93,5.88,7.41,6.06,5.66,573.25,599.75,596.25,576.5,632.5,626.75,3605,12
14/03/2015 13:00:00,6.43,6.33,6.57,8.03,6.36,6.23,540,520.25,532,409.25,585.5,577,3164,13
14/03/2015 14:00:00,7.04,6.75,7.08,8,6.71,6.72,403.75,432,449,367.88,474.25,469.75,2596.63,14
14/03/2015 15:00:00,7.19,7.12,7.35,7.97,7.09,6.99,243.12,317,284.25,198,349.75,337.88,1730,15
14/03/2015 16:00:00,6.92,7.36,7.17,7.44,7.37,6.93,129.38,173.19,135.06,105.94,186.38,160.31,890.26,16
14/03/2015 17:00:00,6.38,7.51,6.75,6.7,7.5,6.57,35.41,47.72,40.33,26.71,50.52,44.86,245.55,17
14/03/2015 18:00:00,5.01,7.38,5.57,5.22,7.4,5.46,0.03,0.03,0.03,0,0.14,0.11,0.34,18
15/03/2015 06:00:00,2.27,5.48,2.82,2.51,5.13,2.02,4.23,7.79,5.59,7.5,8.73,7.21,41.05,6
15/03/2015 07:00:00,2.91,5.66,3.33,2.97,5.32,2.6,46.11,73.66,56.25,56.52,97.25,73.78,403.57,7
15/03/2015 08:00:00,3.52,6.03,4.03,3.85,5.59,3.58,129.69,156.5,138.31,125.22,201,153.25,903.97,8
15/03/2015 09:00:00,4.35,6.53,4.82,4.88,6.06,4.52,297.12,222.81,256.38,217.81,262.12,248.19,1504.43,9
15/03/2015 10:00:00,5.34,6.8,5.54,5.58,6.37,5.22,408.12,270.5,335.75,410.62,263.38,336.88,2025.25,10
15/03/2015 11:00:00,6.13,6.99,6.15,6.71,6.6,5.96,492.12,334.75,469.88,499.25,258,429.5,2483.5,11
15/03/2015 12:00:00,6.75,7.21,6.76,7.63,6.94,6.72,502.88,386.88,515,524.5,349.25,517.25,2795.76,12
15/03/2015 13:00:00,7.27,7.38,7.14,8.27,7.27,7.2,457.75,382.88,470.62,438.38,356.38,460.75,2566.76,13
15/03/2015 14:00:00,7.54,7.43,7.28,8.32,7.41,7.28,382.75,351.62,403.5,353.62,307.62,409.88,2208.99,14
15/03/2015 15:00:00,7.55,7.45,7.31,8.13,7.48,7.36,262,265,290.75,252.5,237,281.25,1588.5,15
15/03/2015 16:00:00,7.19,7.39,7.08,7.68,7.52,7.06,136.88,153.94,153.06,109.38,156.19,155.38,864.83,16
15/03/2015 17:00:00,6.56,7.24,6.6,6.81,7.46,6.6,39.66,42.98,42.12,28.1,48.59,43.83,245.28,17
15/03/2015 18:00:00,5.05,6.98,5.4,5.27,7.2,5.57,0.08,0.09,0.08,0,0.24,0.22,0.71,18
16/03/2015 06:00:00,3.05,6.55,4.12,3.11,6.39,3.85,6.4,8.5,6.68,7.61,7.1,5.97,42.26,6
16/03/2015 07:00:00,3.29,6.56,4.29,3.28,6.42,3.97,62.23,77.72,69.09,59.5,73.31,68.53,410.38,7
16/03/2015 08:00:00,4,6.64,4.79,3.98,6.49,4.45,156.62,170.44,161.31,137.69,173,162.88,961.94,8
16/03/2015 09:00:00,4.7,6.7,5.33,4.71,6.53,5.01,267.25,255.31,283.12,238.5,258.5,314.88,1617.56,9
16/03/2015 10:00:00,5.4,6.65,5.88,5.42,6.58,5.78,401.75,320.5,339.5,312.75,341.12,376.75,2092.37,10
16/03/2015 11:00:00,6.24,6.61,6.13,6.07,6.58,6.13,428.62,346.5,351,380,388.5,401.25,2295.87,11
16/03/2015 12:00:00,6.74,6.63,6.36,6.75,6.7,6.46,433.38,362.38,349.75,346.62,401.12,394.12,2287.37,12
16/03/2015 13:00:00,6.93,6.7,6.46,7.08,6.76,6.58,367.38,354.12,323.88,298.12,386.62,355,2085.12,13
16/03/2015 14:00:00,6.97,6.73,6.49,7.2,6.83,6.56,284.88,312.12,281.5,254.62,342.5,286,1761.62,14
16/03/2015 15:00:00,6.83,6.81,6.46,7.16,6.89,6.49,198.44,218.81,205.06,167.75,268.75,229.12,1287.93,15
16/03/2015 16:00:00,6.52,6.91,6.29,6.8,6.94,6.36,97.22,130.06,114.94,81.69,160.88,126.88,711.67,16
16/03/2015 17:00:00,5.97,6.99,5.92,6.23,7.01,6.05,27.46,38.41,27.57,21.59,49.2,35.19,199.42,17
16/03/2015 18:00:00,5.01,6.9,5.31,4.81,6.9,5.4,0.1,0.15,0.11,0,0.35,0.24,0.95,18
17/03/2015 06:00:00,3.55,8.16,4.43,2.31,8.14,4.75,6.91,12.18,9.16,7.7,9.49,6.92,52.36,6
17/03/2015 07:00:00,3.65,8.26,4.57,2.51,8.34,4.83,63.75,116.91,86.88,57.89,101.69,74.06,501.18,7
17/03/2015 08:00:00,4.55,8.63,6.02,3.12,8.74,6.07,162.06,269.5,203.56,143.38,245.44,181,1204.94,8
17/03/2015 09:00:00,5.64,8.9,6.94,4.45,9.06,6.96,266.62,401.75,310.75,268.75,386.12,305.12,1939.11,9
17/03/2015 10:00:00,6.64,9.16,7.78,6.38,9.32,7.9,365.62,516.25,445.5,371.88,499.38,425,2623.63,10
17/03/2015 11:00:00,7.78,9.44,8.83,7.97,9.56,8.84,429.38,583,529,434.25,569,501.25,3045.88,11
17/03/2015 12:00:00,8.72,9.65,9.58,9.06,9.79,9.57,490.5,594.5,556.75,488.62,574.75,515.5,3220.62,12
17/03/2015 13:00:00,9.6,9.75,10.04,9.91,9.91,9.96,444.12,555,526.75,469,528.75,486.75,3010.37,13
17/03/2015 14:00:00,10.14,9.8,10.27,10.37,9.96,10.21,413.12,452.75,441.38,407.62,441.5,411.88,2568.25,14
17/03/2015 15:00:00,10.39,9.8,10.3,10.45,9.97,10.3,292.62,327.25,324.12,309.25,333,304.5,1890.74,15
17/03/2015 16:00:00,10.06,9.67,10.06,10.14,9.83,10.08,158.06,188,190.94,155.31,197.88,186.56,1076.75,16
17/03/2015 17:00:00,9.05,9.48,9.32,8.85,9.63,9.45,49.7,56.09,58.89,44.2,62.34,59.78,331,17
17/03/2015 18:00:00,7,9.08,7.57,6.19,9.26,7.78,0.33,0.42,0.39,0.04,0.78,0.67,2.63,18
18/03/2015 06:00:00,1.5,6.88,2.6,1.51,6.8,2.02,11.98,14.68,13.1,11.82,13.88,13.92,79.38,6
18/03/2015 07:00:00,1.87,6.94,3.29,1.62,6.73,2.54,103.88,109.78,107.03,71.66,124.03,118.25,634.63,7
18/03/2015 08:00:00,3.21,7.16,4.23,2.12,7.01,4.18,279.62,260.5,285.5,159.31,284.62,284.38,1553.93,8
18/03/2015 09:00:00,4.9,7.28,5.5,3.46,7.49,5.74,436.75,424.12,440.5,402.62,431.62,435.88,2571.49,9
18/03/2015 10:00:00,6.84,7.73,7.19,5.97,7.96,7.41,546.25,544.25,553.75,539.5,546.25,549.25,3279.25,10
18/03/2015 11:00:00,8.13,8.3,8.44,7.99,8.57,8.62,610.5,611.5,620.5,599,616,617.5,3675,11
18/03/2015 12:00:00,8.99,8.7,9.28,9.15,9.01,9.45,620,622.5,630.25,603.75,628.25,630,3734.75,12
18/03/2015 13:00:00,9.51,9.04,9.82,9.9,9.34,10,582,585.5,593,561.75,594.5,595.25,3512,13
18/03/2015 14:00:00,9.82,9.29,10.11,10.31,9.57,10.29,495.25,499.88,506,472.5,510.5,510.75,2994.88,14
18/03/2015 15:00:00,9.81,9.49,10.16,10.37,9.73,10.31,369.62,373.88,378.25,345.88,384.62,385.25,2237.5,15
18/03/2015 16:00:00,9.36,9.57,9.82,9.9,9.8,9.96,216.81,220.62,223,195.38,231.19,230.75,1317.75,16
18/03/2015 17:00:00,8.38,9.51,9.06,8.59,9.79,9.17,67.66,69.81,70.31,54.41,77.09,76.56,415.84,17
18/03/2015 18:00:00,5.99,9.13,7.02,5.45,9.47,7.23,0.67,0.72,0.7,0.14,1.2,1.17,4.6,18
19/03/2015 06:00:00,1.46,6.84,2.87,2.34,6.68,1.77,10.57,19.99,13.15,8.97,17.42,13.75,83.85,6
19/03/2015 07:00:00,1.78,6.7,3.09,2.78,6.68,2.7,62.94,129.56,76.62,65.06,128.5,91.19,553.87,7
19/03/2015 08:00:00,2.61,6.68,3.68,3.66,7.05,3.73,131.56,264.75,177.31,152.19,281.38,206.5,1213.69,8
19/03/2015 09:00:00,3.64,6.7,4.41,4.63,7.03,4.68,282.5,401.12,304.75,214.38,418.5,369.38,1990.63,9
19/03/2015 10:00:00,4.74,6.71,5.09,5.22,6.98,5.62,410.38,473.62,402.5,257.62,502,478,2524.12,10
19/03/2015 11:00:00,6.21,6.92,6.25,5.94,7.12,6.71,483.62,494.38,539.25,300.5,538.5,552.75,2909,11
19/03/2015 12:00:00,7.39,7.31,7.53,6.62,7.49,7.76,561,528.75,574,379.62,555.25,590.25,3188.87,12
19/03/2015 13:00:00,8.53,7.7,8.46,7.7,7.94,8.61,554.75,462.25,531.5,504.62,565.5,577,3195.62,13
19/03/2015 14:00:00,9.2,8.01,9.04,8.84,8.37,9.3,489.12,386.62,464.62,479.38,497.75,507.62,2825.11,14
19/03/2015 15:00:00,9.39,8.27,9.3,9.28,8.72,9.6,369,308.12,361.38,359,372,377.25,2146.75,15
19/03/2015 16:00:00,9.14,8.49,9.23,9.09,8.95,9.48,221.25,215.62,223.81,209.31,226.75,227.31,1324.05,16
19/03/2015 17:00:00,8.43,8.66,8.76,8.25,9.05,8.98,71.75,73,71.66,61.7,77.53,76.75,432.39,17
19/03/2015 18:00:00,6.09,8.47,7.03,5.26,8.83,7.26,0.97,0.99,0.97,0.27,1.56,1.52,6.28,18
20/03/2015 06:00:00,2.74,6.83,3.97,2.36,6.74,3.62,11.84,8.47,8.56,9.95,13.69,11.63,64.14,6
20/03/2015 07:00:00,3.22,6.85,4.31,2.77,6.72,3.98,90.12,59.83,65.28,78.75,108.59,93.12,495.69,7
20/03/2015 08:00:00,4.45,6.95,5.02,3.91,7.02,4.94,227.44,166.75,167.88,231.62,222.06,227.31,1243.06,8
20/03/2015 09:00:00,6.31,7.13,6.09,6.21,7.3,6.24,397.25,322,320.12,407.88,322,415.88,2185.13,9
20/03/2015 10:00:00,7.83,7.37,7.15,7.92,7.59,7.62,536.75,481.25,490,518.25,442.5,540.5,3009.25,10
20/03/2015 11:00:00,9.01,7.74,8.39,9.36,8.06,8.74,614.25,559,603,606.75,510.25,603.25,3496.5,11
20/03/2015 12:00:00,9.95,8.14,9.56,10.74,8.61,9.67,627.5,580.5,626,616.75,536.75,619.75,3607.25,12
20/03/2015 13:00:00,10.58,8.57,10.33,11.71,9.11,10.33,592.5,584.5,593.75,576.75,539.25,598,3484.75,13
20/03/2015 14:00:00,10.91,8.99,10.82,12.21,9.59,10.68,508.75,508,510,489.5,510.25,516.5,3043,14
20/03/2015 15:00:00,10.94,9.29,10.95,12.33,10.02,10.65,384.12,373.38,381.5,360.25,381.12,389.25,2269.62,15
20/03/2015 16:00:00,10.64,9.43,10.75,12.13,10.29,10.32,234.56,225.19,232.06,209.75,232.69,240,1374.25,16
20/03/2015 17:00:00,9.77,9.4,10.03,11.04,10.27,9.55,81.06,76.62,79.97,59.97,82.78,86.41,466.81,17
20/03/2015 18:00:00,7.61,9.08,8.13,8.42,9.86,7.93,1.36,1.46,1.5,0.38,2.17,2.25,9.12,18
21/03/2015 06:00:00,4.6,6.97,4.82,4.57,7.01,5,14.76,25.45,14.07,14.53,22.52,13.38,104.71,6
21/03/2015 07:00:00,4.98,7.02,5.09,4.76,7.1,5.14,100.38,151.81,97.5,68.34,145.25,92.09,655.37,7
21/03/2015 08:00:00,5.53,7.15,5.7,4.75,7.19,5.58,223.69,301.88,233.12,166.56,319.38,232.06,1476.69,8
21/03/2015 09:00:00,6.4,7.71,6.89,5.62,7.66,6.7,402.88,481.38,476.25,325.5,478.12,471.12,2635.25,9
21/03/2015 10:00:00,7.98,8.39,8.49,7.24,8.35,8.49,590.75,594.75,593,563.5,591.75,592.5,3526.25,10
21/03/2015 11:00:00,8.89,8.99,9.23,8.64,9.11,9.47,655.5,665.25,662,602.75,663.25,662.5,3911.25,11
21/03/2015 12:00:00,9.47,9.25,9.68,9.34,9.55,10.1,665.75,680,673.5,626.25,681.75,676.5,4003.75,12
21/03/2015 13:00:00,9.9,9.4,10.02,9.83,9.8,10.46,622.25,640.25,633.25,610.25,644.5,638.5,3789,13
21/03/2015 14:00:00,10.1,9.51,10.24,10.02,9.96,10.6,538,549.75,543.75,521.75,556.25,551,3260.5,14
21/03/2015 15:00:00,10.07,9.67,10.25,9.86,10.1,10.49,400.25,414,412.12,392.88,425.62,422.12,2466.99,15
21/03/2015 16:00:00,9.72,9.73,9.95,9.44,10.14,10.14,246.12,254.56,253.88,236.81,263.38,261.12,1515.87,16
21/03/2015 17:00:00,9.01,9.64,9.31,8.48,10.08,9.53,90.12,88.06,87.84,78.66,98.03,89.09,531.8,17
21/03/2015 18:00:00,6.97,9.27,7.76,5.87,9.76,8.36,2.29,2.25,2.24,0.89,3.22,3.09,13.98,18
22/03/2015 06:00:00,1.56,6.29,2.64,1.18,6.4,2.89,17.98,24.07,23.71,28.82,19.91,18.02,132.51,6
22/03/2015 07:00:00,2.13,6.31,3.25,2.24,6.47,3.02,131.19,148.19,134.75,145.12,124.56,113.62,797.43,7
22/03/2015 08:00:00,3.31,6.52,4.22,3.5,6.82,3.95,284.25,332,308.12,313.88,270.5,317.38,1826.13,8
22/03/2015 09:00:00,4.46,6.59,5.08,4.76,6.97,5.15,484.38,493.5,491.5,489.25,429.88,484.88,2873.39,9
22/03/2015 10:00:00,5.72,6.62,5.99,5.94,7.03,6.22,592,609.5,604.5,594,579.5,599,3578.5,10
22/03/2015 11:00:00,6.84,6.74,6.86,7.02,7.13,7.2,659.25,677.75,669.75,651,672.25,666,3996,11
22/03/2015 12:00:00,7.65,6.9,7.5,7.93,7.29,7.95,669,692.75,683.5,644.75,690.5,682,4062.5,12
22/03/2015 13:00:00,8.29,7.04,8.07,8.51,7.49,8.54,617.75,651.75,642.5,583.75,652.75,643,3791.5,13
22/03/2015 14:00:00,8.66,7.12,8.4,8.77,7.67,8.92,520.5,558.75,551.5,479.62,564.75,550.25,3225.37,14
22/03/2015 15:00:00,8.73,7.2,8.52,8.74,7.83,9.05,387.62,425.88,418.38,341.5,433.12,418.5,2425,15
22/03/2015 16:00:00,8.55,7.3,8.43,8.53,7.91,8.94,234,265.62,260.62,193.69,273.5,263.38,1490.81,16
22/03/2015 17:00:00,8.05,7.39,8.03,7.97,7.9,8.51,83.25,99.16,93.78,65.38,105.19,95.19,541.95,17
22/03/2015 18:00:00,6.79,7.23,6.68,6.7,7.65,7.57,2.85,3.03,2.9,1.31,4.16,3.83,18.08,18
23/03/2015 06:00:00,1.8,6.69,3.08,1.26,6.4,2.97,15.02,17.2,16.56,14.49,20.28,14.18,97.73,6
23/03/2015 07:00:00,2.9,6.67,3.84,2.24,6.4,3.93,83.28,106.12,97.31,68.44,117.06,87.25,559.46,7
23/03/2015 08:00:00,4.33,6.95,5.21,3.24,6.68,5.06,166.5,224,243.88,133.12,256,178.5,1202,8
23/03/2015 09:00:00,5.43,7.02,5.99,4.72,6.79,5.86,269,338,347.88,214.62,394,320.5,1884,9
23/03/2015 10:00:00,6.54,7.24,6.77,6.44,7.14,6.69,456.5,477.88,511.12,280.62,507.75,395.62,2629.49,10
23/03/2015 11:00:00,7.71,7.51,7.7,7.49,7.5,7.24,438.75,544,570.5,302.88,562.5,436.12,2854.75,11
23/03/2015 12:00:00,8.22,7.79,8.43,8.1,7.78,7.69,486.75,535.5,623,432.38,638,549,3264.63,12
23/03/2015 13:00:00,8.75,8.07,9.14,9,8.04,8.42,410.12,563.5,591.5,407.88,513.25,494.12,2980.37,13
23/03/2015 14:00:00,8.75,8.33,9.45,9.37,8.19,8.65,309.12,406.75,475.38,307.88,421.75,405.5,2326.38,14
23/03/2015 15:00:00,8.49,8.42,9.43,9.22,8.26,8.6,214.44,301.38,317.38,206.75,287.25,259.12,1586.32,15
23/03/2015 16:00:00,8.05,8.29,8.93,8.82,8.11,8.1,80.72,193.81,128.38,126.72,149.31,96.91,775.85,16
23/03/2015 17:00:00,7.3,8.08,8.1,8.2,7.98,7.38,30.52,64.91,34.39,57.08,38.59,28.98,254.47,17
23/03/2015 18:00:00,6.71,7.82,7.33,6.45,7.86,6.98,1.44,1.81,1.31,1.13,1.61,1.95,9.25,18
24/03/2015 06:00:00,3.03,7.18,4.04,2.13,7.42,4.15,24.26,26.47,25.85,19.05,21.66,22.55,139.84,6
24/03/2015 07:00:00,3.68,7.2,4.66,2.63,7.2,4.43,126.16,123.59,131.81,78.84,119.12,128.06,707.58,7
24/03/2015 08:00:00,4.71,7.28,5.4,3.27,7.03,4.98,252.88,231.94,253.5,256.12,237.94,250.06,1482.44,8
24/03/2015 09:00:00,5.06,7.25,5.96,4.99,6.93,5.28,365.5,332.88,361.25,441.5,321.62,339.62,2162.37,9
24/03/2015 10:00:00,5.44,7.25,6.39,6.4,6.92,5.62,435,414.25,434.75,500.75,352.38,394,2531.13,10
24/03/2015 11:00:00,5.67,7.38,6.7,7.13,6.89,5.83,464,456.25,434.62,494.5,359.38,427.88,2636.63,11
24/03/2015 12:00:00,6.17,7.36,6.88,7.56,7.03,6.19,465.75,376.75,413,467.62,369,448.12,2540.24,12
24/03/2015 13:00:00,6.51,7.46,7.01,7.86,7.28,6.5,435.5,351.38,408,435.38,388.88,466.12,2485.26,13
24/03/2015 14:00:00,6.56,7.56,7.13,7.99,7.51,6.75,374.75,344.38,381.25,348.38,389,391.38,2229.14,14
24/03/2015 15:00:00,6.34,7.62,7.05,7.75,7.55,6.5,277.88,306,298.12,251.06,298.38,286,1717.44,15
24/03/2015 16:00:00,5.91,7.61,6.68,7.28,7.44,6.07,163.81,183,182.06,138.56,178.94,175.25,1021.62,16
24/03/2015 17:00:00,5.37,7.47,6.14,6.46,7.39,5.66,46.44,70.47,61.67,48.7,73.5,58.42,359.2,17
24/03/2015 18:00:00,4.67,7.27,5.35,4.88,7.22,5.15,2.58,3.07,2.92,1.35,3.65,3.35,16.92,18
25/03/2015 06:00:00,2.86,5.93,3.66,1.86,6.56,3.91,25.45,35.5,26.97,21.13,32.64,25.62,167.31,6
25/03/2015 07:00:00,3.63,6.14,4.08,2.5,6.69,4.31,128,167.44,142.38,103.06,166,130.31,837.19,7
25/03/2015 08:00:00,4.66,6.32,4.91,2.91,6.82,5.01,281.25,310.75,298.88,217.5,315.62,253.94,1677.94,8
25/03/2015 09:00:00,5.54,6.57,5.88,3.71,6.92,5.53,440.88,443,439.62,356.75,453.5,425.38,2559.13,9
25/03/2015 10:00:00,6.36,6.89,6.66,5.49,7.17,6.2,526,550.5,546.5,565.25,561.75,559.5,3309.5,10
25/03/2015 11:00:00,7.04,7.36,7.47,6.86,7.53,6.97,562.25,606,580.5,588.25,631.5,599.75,3568.25,11
25/03/2015 12:00:00,7.6,7.79,8.06,7.66,7.89,7.47,572.25,606.5,577,583.5,641.5,587.5,3568.25,12
25/03/2015 13:00:00,7.97,8.14,8.47,8.21,8.18,7.81,537.75,571,531,534.75,617.5,559.5,3351.5,13
25/03/2015 14:00:00,8.16,8.41,8.66,8.5,8.43,8.05,484.62,512.5,477.38,452.62,551,521.5,2999.62,14
25/03/2015 15:00:00,8.25,8.66,8.83,8.53,8.62,8.28,392.12,407,385.88,353.38,440.12,418.12,2396.62,15
25/03/2015 16:00:00,8.05,8.7,8.69,8.3,8.62,8.13,215,264.25,234.94,230.81,197.31,166.12,1308.43,16
25/03/2015 17:00:00,7.39,8.57,8.13,7.74,8.41,7.34,48.33,59.94,53.44,83.25,53.73,46.06,344.75,17
25/03/2015 18:00:00,5.8,8.27,6.71,5.45,8.17,6.23,2.08,2.4,2.2,2.2,1.95,1.84,12.67,18
26/03/2015 06:00:00,8.31,10.17,9.09,6.21,10.06,8.86,12.93,12.61,15.47,6.54,22.59,16.84,86.98,6
26/03/2015 07:00:00,7.91,10.03,8.78,7.41,9.65,8.32,77.88,130.19,102.81,72.25,148.88,93.09,625.1,7
26/03/2015 08:00:00,7.66,9.59,8.48,8.08,9.55,8.31,151.19,266.75,194.5,186.75,290.38,196.56,1286.13,8
26/03/2015 09:00:00,7.81,9.59,8.66,8.45,9.7,8.58,394.5,412.88,409.38,448.75,418.38,382.5,2466.39,9
26/03/2015 10:00:00,8.74,9.84,9.39,9.52,9.91,9.06,616.25,571.25,614,608.75,563.25,604.25,3577.75,10
26/03/2015 11:00:00,9.56,10.18,10.21,10.76,10.11,9.61,683.75,678.25,689,676.5,684,687,4098.5,11
26/03/2015 12:00:00,9.7,10.42,10.45,11.32,10.17,9.63,697.5,711.25,706.25,686,713.25,708,4222.25,12
26/03/2015 13:00:00,9.65,10.43,10.35,11.3,10.11,9.59,660.25,672.5,667.75,644.75,676.5,670.75,3992.5,13
26/03/2015 14:00:00,9.48,10.3,10.13,10.99,10.02,9.47,572,583.25,579,553.75,588.75,583.75,3460.5,14
26/03/2015 15:00:00,9.13,10.16,9.79,10.41,9.92,9.22,436,450.88,447,415.75,457.88,452.25,2659.76,15
26/03/2015 16:00:00,8.71,9.94,9.3,9.63,9.75,8.9,274.75,288.88,283,256.5,294.88,286.88,1684.89,16
26/03/2015 17:00:00,8.12,9.66,8.68,8.67,9.59,8.46,110.12,117.72,114.75,97.28,124.62,120.66,685.15,17
26/03/2015 18:00:00,7.16,9.33,7.76,7.26,9.38,7.71,6.77,6.99,6.94,4.03,8.77,8.64,42.14,18
27/03/2015 05:00:00,2.57,8.08,3.68,1.35,8.33,4.24,0,0,0,0.02,0,0,0.02,5
27/03/2015 06:00:00,3.27,8.14,4.14,0.91,8.42,4.25,22.51,26,26.82,34.78,22.84,27.18,160.13,6
27/03/2015 07:00:00,4.24,8.49,5.15,3.14,8.66,5.18,89,93.81,100.16,69.66,117.06,112,581.69,7
27/03/2015 08:00:00,5.78,8.99,6.54,4.62,9.05,7.14,161.56,203,187.81,147.62,191.88,197.5,1089.37,8
27/03/2015 09:00:00,6.77,9.23,7.59,5.88,9.14,7.93,213.38,299.25,286.25,177.44,188.62,253.06,1418,9
27/03/2015 10:00:00,7.67,9.13,8.56,6.87,8.31,7.96,250.69,239.06,279.75,243.88,206.5,213.69,1433.57,10
27/03/2015 11:00:00,8.12,8.11,8.25,7.89,7.8,7.13,256.12,221.44,249.12,295.88,165.56,240.94,1429.06,11
27/03/2015 12:00:00,8,7.7,7.66,8.75,7.81,7.2,262.38,171.62,234.38,364.12,130.56,212.88,1375.94,12
27/03/2015 13:00:00,7.99,7.83,7.56,9.51,8.29,7.47,356.5,156.38,281,294.88,145.88,270.75,1505.39,13
27/03/2015 14:00:00,8.55,8.35,8.03,9.54,8.89,8.11,290.88,125.38,218.38,287.5,88.72,165.06,1175.92,14
27/03/2015 15:00:00,8.67,8.78,8.16,9.56,9.28,8.21,209.5,77.38,152.12,251.38,69.31,109.97,869.66,15
27/03/2015 16:00:00,8.51,9.06,8.12,9.49,9.56,8.26,119.62,49.55,82.88,176.38,50.31,63.38,542.12,16
27/03/2015 17:00:00,8.1,9.34,8,9.16,9.86,8.4,33.25,21.8,25.67,56.47,28.66,23.57,189.42,17
27/03/2015 18:00:00,7.49,9.63,7.99,7.76,10.03,8.56,1.55,1.59,1.36,3.14,3.41,2.31,13.36,18
28/03/2015 06:00:00,9.68,10.18,9.82,9.49,10.33,9.81,14.57,15.18,19.84,15.08,19.12,23.83,107.62,6
28/03/2015 07:00:00,9.74,10.4,9.9,9.92,10.57,9.8,120.16,112.47,136.12,49.62,147.5,116.66,682.53,7
28/03/2015 08:00:00,10.24,10.56,10.35,10.24,10.56,10.24,179.25,235.38,203.94,135.12,218.88,195.25,1167.82,8
28/03/2015 09:00:00,10.86,10.39,10.7,10.93,10.52,10.57,290.5,310.5,325,205.75,370.75,373.38,1875.88,9
28/03/2015 10:00:00,11.43,10.47,11.19,11.68,10.68,11.14,193.69,579.75,375.75,305.38,302.25,151.06,1907.88,10
28/03/2015 11:00:00,11.03,10.91,11.31,12.51,10.78,10.54,111.06,197.81,142.38,170.19,110.56,122.5,854.5,11
28/03/2015 12:00:00,10.55,10.55,10.82,11.86,10.73,10.5,217.19,121.56,179.19,148.38,180.5,263.62,1110.44,12
28/03/2015 13:00:00,11.07,10.53,11.14,11.52,10.83,11.18,274.88,251.94,354.38,275.12,386.75,408.75,1951.82,13
28/03/2015 14:00:00,11.49,10.69,11.85,12.17,11.09,11.58,258.75,309.5,321.75,290.25,256.75,345.88,1782.88,14
28/03/2015 15:00:00,11.13,10.73,11.67,12.11,10.91,11.22,175.62,170.81,145.81,253.25,159.12,126.5,1031.11,15
28/03/2015 16:00:00,10.48,10.64,10.87,11.61,10.67,10.27,70.91,67.16,76.41,114.12,71.75,86.66,487.01,16
28/03/2015 17:00:00,9.85,10.42,10.3,10.74,10.45,9.92,38.67,40.84,41.12,33.02,39.91,42.19,235.75,17
28/03/2015 18:00:00,9.27,10.33,9.85,10.01,10.4,9.52,3.39,2.89,3.7,2.68,3.11,3.54,19.31,18
29/03/2015 05:00:00,8.67,10.33,9.53,7.45,10.53,9.67,0,0,0,0.04,0,0,0.04,5
29/03/2015 06:00:00,9.38,10.63,9.88,7.76,10.84,9.99,3.88,4.32,5.54,6.89,5.99,4.02,30.64,6
29/03/2015 07:00:00,9.82,10.86,10.22,8.92,10.93,10.14,22.15,37.48,31.62,16.76,38.48,32.44,178.93,7
29/03/2015 08:00:00,9.88,10.82,10.28,9.96,10.85,10.14,52,126.44,100.88,57.91,122.97,77.28,537.48,8
29/03/2015 09:00:00,9.91,10.77,10.43,10.28,10.87,10.22,74.84,138,93.31,145.62,129.56,85.19,666.52,9
29/03/2015 10:00:00,10.04,10.78,10.42,10.62,10.91,10.23,89,164.19,143,155.56,191,120.25,863,10
29/03/2015 11:00:00,10.1,10.88,10.62,10.74,11.03,10.36,128.75,198.25,205.06,204.81,223.56,162.56,1122.99,11
29/03/2015 12:00:00,10.32,10.98,10.93,11.06,11.17,10.6,113.72,147.12,147.88,228.94,128.5,103.84,870,12
29/03/2015 13:00:00,10.32,11.06,10.93,11.36,11.24,10.61,109.03,91.69,131.88,124.44,95.28,87.53,639.85,13
29/03/2015 14:00:00,10.28,11.08,10.93,10.85,11.21,10.53,99.34,76.66,80.69,158.06,80,59.36,554.11,14
29/03/2015 15:00:00,10.09,11.02,10.69,10.63,11.12,10.33,145.06,63.8,111.78,160.88,83.69,120.66,685.87,15
29/03/2015 16:00:00,9.87,10.97,10.77,10.16,11.09,10.46,154.75,102.28,150.31,181.94,102.22,127.94,819.44,16
29/03/2015 17:00:00,9.24,10.89,10.46,9.49,10.93,10.06,77.28,38.41,67.75,76.84,39.92,70.06,370.26,17
29/03/2015 18:00:00,8.36,10.67,9.56,8.28,10.7,9.4,6.61,4.43,7.07,6.04,4.12,6.72,34.99,18
30/03/2015 05:00:00,5.4,8.57,6.23,4,8.86,6.61,0.03,0.02,0.02,0.38,0,0,0.45,5
30/03/2015 06:00:00,4.94,8.52,6.02,3.66,8.82,6.29,56.11,56.64,56.23,60.2,50.97,48.31,328.46,6
30/03/2015 07:00:00,5.66,8.74,6.4,4.75,9.03,6.78,207.75,210.44,208.5,216.25,194.56,193.81,1231.31,7
30/03/2015 08:00:00,6.91,9.13,7.62,6.23,9.38,7.8,288.25,334.88,340.88,260,337.38,293.38,1854.77,8
30/03/2015 09:00:00,7.63,9.42,8.53,7.08,9.6,8.42,409.75,419.62,387.12,320.5,440.38,406,2383.37,9
30/03/2015 10:00:00,8.25,9.59,9.02,7.78,9.75,8.97,518,605,596.25,539.75,609.25,598.5,3466.75,10
30/03/2015 11:00:00,8.9,9.82,9.86,8.94,9.99,9.71,510.75,676,665.5,454.25,603.5,638.25,3548.25,11
30/03/2015 12:00:00,9.25,10.01,10.43,9.14,10.1,10.14,410.5,417.62,424.5,353.88,374.5,367.62,2348.62,12
30/03/2015 13:00:00,9.07,9.75,9.95,8.97,9.93,9.57,485.75,421.25,368.62,500.25,452,409.25,2637.12,13
30/03/2015 14:00:00,9.78,9.77,9.97,9.63,10.11,9.98,259.88,404.5,267.88,374.25,256.38,157.06,1719.95,14
30/03/2015 15:00:00,9.53,9.88,9.83,9.63,10.29,9.72,57.45,94.19,96.84,197.31,83.03,61.14,589.96,15
30/03/2015 16:00:00,9.38,10.38,9.9,9.17,10.74,10.17,33.44,46.59,49.23,32.52,86.62,62.05,310.45,16
30/03/2015 17:00:00,10.14,10.42,10.44,8.75,10.54,10.37,33.64,51.45,39.83,11.18,73.25,46.22,255.57,17
30/03/2015 18:00:00,10.17,10.33,10.34,9.63,10.4,10.18,7.11,6.88,6.02,2.2,8.25,7.06,37.52,18
31/03/2015 05:00:00,7.65,9.89,8.28,7.56,9.99,8.24,0.09,0.03,0.06,0.6,0,0.01,0.79,5
31/03/2015 06:00:00,7.44,9.73,8.01,7.36,9.81,8.04,40.83,29.1,44.19,57.7,25.86,33.69,231.37,6
31/03/2015 07:00:00,7.39,9.64,8.04,7.57,9.7,7.97,126.44,114.38,133.56,204.19,112.47,124.69,815.73,7
31/03/2015 08:00:00,7.29,9.57,8.1,7.8,9.6,7.91,306.25,323.88,313.75,377.25,318.12,313.38,1952.63,8
31/03/2015 09:00:00,7.8,9.5,8.41,8.54,9.52,8.22,512,510.88,517.5,515.5,500.88,509.75,3066.51,9
31/03/2015 10:00:00,8.44,9.57,9.07,9.15,9.52,8.7,605.25,625,622.25,606.5,612.25,616,3687.25,10
31/03/2015 11:00:00,8.78,9.66,9.45,9.54,9.61,9.02,661.75,696,693.75,637.75,695.5,697,4081.75,11
31/03/2015 12:00:00,9.01,9.8,9.73,9.62,9.75,9.29,662.5,720,710,628.5,720.5,700,4141.5,12
31/03/2015 13:00:00,9.15,9.9,9.77,9.84,9.8,9.3,622.25,671.5,648.5,615,670.75,636.75,3864.75,13
31/03/2015 14:00:00,9.07,9.89,9.68,9.81,9.83,9.26,512,570.75,561.75,533,564.75,547.75,3290,14
31/03/2015 15:00:00,8.79,9.88,9.51,9.46,9.85,9.1,414.38,448.88,439.62,401.12,351.88,417,2472.88,15
31/03/2015 16:00:00,8.38,9.78,9.04,8.88,9.78,8.73,252.19,271.88,278.12,234.5,208.31,241.06,1486.06,16
31/03/2015 17:00:00,7.83,9.63,8.49,7.95,9.66,8.31,119.72,116.5,128.31,107.94,112.06,106.22,690.75,17
31/03/2015 18:00:00,7.1,9.43,7.78,6.93,9.47,7.75,12.96,12.23,12.68,8.45,9.67,10.39,66.38,18
1/4/2015 5:00,4.21,7.48,4.78,3.21,7.84,4.99,0.24,0.18,0.21,0.89,0.04,0.06,1.62,5
1/4/2015 6:00,4.3,7.53,4.72,3.24,7.88,5,60.88,50.03,58,65.19,47.84,54.3,336.24,6
1/4/2015 7:00,5.1,7.75,5.27,4.28,8.11,5.69,200.5,189.25,197.44,200.25,173.06,180.06,1140.56,7
1/4/2015 8:00,6.36,8.11,6.61,5.82,8.49,6.86,329.25,277.38,316.38,339.5,289.5,314,1866.01,8
1/4/2015 9:00,7.24,8.47,7.7,7.1,8.83,7.71,465.38,387.25,453.5,431.25,386.88,440.5,2564.76,9
1/4/2015 10:00,7.82,8.74,8.34,7.85,9.04,8.24,522,519.5,553.75,430.62,526.5,542,3094.37,10
1/4/2015 11:00,8.27,9.02,8.82,8.16,9.25,8.72,552,607.75,608,476.75,617.5,590.75,3452.75,11
1/4/2015 12:00,8.62,9.3,9.28,8.69,9.47,9.08,570,587.5,589.25,480.75,613.5,586,3427,12
1/4/2015 13:00,8.87,9.48,9.49,8.97,9.58,9.22,558.5,544.75,571.5,440.88,586,580.25,3281.88,13
1/4/2015 14:00,8.97,9.56,9.61,8.98,9.62,9.28,455.12,438.5,475.38,346.12,508.25,463.25,2686.62,14
1/4/2015 15:00,8.7,9.52,9.46,8.77,9.58,9.01,315.88,288.88,312.75,239.12,278,264.75,1699.38,15
